date,price_first_auction,price_second_auction,auction_price_spread,auction_spread_dir,y_proba,auction_spread_dir_lag24,trade_signal,trade,position_size,profit,profit_pct,cumulative_profit
2022-07-16 03:00:00,205.6,198.82,-6.780000000000001,0,0.4250374463677668,,hold,hold,10,0.0,0.0,0.0
2022-07-16 04:00:00,202.0,194.8,-7.199999999999989,0,0.3888226799037501,,hold,hold,10,0.0,0.0,0.0
2022-07-16 05:00:00,198.2,192.9,-5.299999999999983,0,0.3982167531763696,,hold,hold,10,0.0,0.0,0.0
2022-07-16 06:00:00,197.0,196.76,-0.2400000000000091,0,0.3967065332759597,,hold,hold,10,0.0,0.0,0.0
2022-07-16 07:00:00,202.0,186.65,-15.349999999999994,0,0.40359731886733097,,hold,hold,10,0.0,0.0,0.0
2022-07-16 08:00:00,212.0,184.44,-27.56,0,0.3545285464157514,,hold,hold,10,0.0,0.0,0.0
2022-07-16 09:00:00,211.05,179.35,-31.700000000000017,0,0.41244875299894546,,hold,hold,10,0.0,0.0,0.0
2022-07-16 10:00:00,206.7,174.02,-32.67999999999998,0,0.417749136408608,,hold,hold,10,0.0,0.0,0.0
2022-07-16 11:00:00,200.0,170.0,-30.0,0,0.4237168985290064,,hold,hold,10,0.0,0.0,0.0
2022-07-16 12:00:00,184.8,159.03,-25.77000000000001,0,0.4443613683753368,,hold,hold,10,0.0,0.0,0.0
2022-07-16 13:00:00,165.0,150.0,-15.0,0,0.44295748231841964,,hold,hold,10,0.0,0.0,0.0
2022-07-16 14:00:00,158.0,140.07,-17.930000000000007,0,0.43347963814332235,,hold,hold,10,0.0,0.0,0.0
2022-07-16 15:00:00,160.0,146.09,-13.909999999999997,0,0.4239013651989583,,hold,hold,10,0.0,0.0,0.0
2022-07-16 16:00:00,173.5,159.93,-13.569999999999991,0,0.39570675792957866,,hold,hold,10,0.0,0.0,0.0
2022-07-16 17:00:00,210.0,181.59,-28.409999999999997,0,0.3107653092290642,,hold,hold,10,0.0,0.0,0.0
2022-07-16 18:00:00,256.3,245.55,-10.75,0,0.2887794982808304,,hold,hold,10,0.0,0.0,0.0
2022-07-16 19:00:00,285.2,280.58,-4.6200000000000045,0,0.2520155857422699,,hold,hold,10,0.0,0.0,0.0
2022-07-16 20:00:00,296.2,279.1,-17.099999999999966,0,0.2470370161569554,,hold,hold,10,0.0,0.0,0.0
2022-07-16 21:00:00,291.8,268.95,-22.850000000000023,0,0.2642930591515031,,hold,hold,10,0.0,0.0,0.0
2022-07-16 22:00:00,275.7,242.8,-32.89999999999998,0,0.31625100591234034,,hold,hold,10,0.0,0.0,0.0
2022-07-16 23:00:00,231.0,198.5,-32.5,0,0.3293429721961614,,hold,hold,10,0.0,0.0,0.0
2022-07-17 00:00:00,192.4,172.18,-20.22,0,0.2780909001399826,,hold,hold,10,0.0,0.0,0.0
2022-07-17 01:00:00,178.4,164.54,-13.860000000000014,0,0.2762010305232754,,hold,hold,10,0.0,0.0,0.0
2022-07-17 02:00:00,165.7,159.51,-6.189999999999998,0,0.27051351133767393,,hold,hold,10,0.0,0.0,0.0
2022-07-17 03:00:00,162.0,169.83,7.8300000000000125,1,0.2902436545388353,0.0,short,short,10,-83.30000000000013,-5.1419753086419835,-83.30000000000013
2022-07-17 04:00:00,161.0,162.63,1.6299999999999957,1,0.2782067091812317,0.0,short,short,10,-21.299999999999955,-1.3229813664596246,-104.60000000000008
2022-07-17 05:00:00,159.4,157.53,-1.8700000000000043,0,0.2571005545958195,0.0,short,short,10,13.700000000000045,0.8594730238394006,-90.90000000000003
2022-07-17 06:00:00,160.5,150.09,-10.409999999999997,0,0.21988686069564412,0.0,short,short,10,99.09999999999997,6.1744548286604335,8.199999999999932
2022-07-17 07:00:00,150.0,158.63,8.629999999999995,1,0.2347096194696625,0.0,short,short,10,-91.29999999999995,-6.086666666666664,-83.10000000000002
2022-07-17 08:00:00,148.0,144.05,-3.9499999999999886,0,0.22777602323793875,0.0,short,short,10,34.499999999999886,2.3310810810810736,-48.600000000000136
2022-07-17 09:00:00,154.2,142.4,-11.799999999999985,0,0.24732248327627476,0.0,short,short,10,112.99999999999983,7.328145265888446,64.3999999999997
2022-07-17 10:00:00,153.2,143.6,-9.599999999999994,0,0.30212869187958824,0.0,short,short,10,90.99999999999994,5.939947780678848,155.39999999999964
2022-07-17 11:00:00,154.0,144.34,-9.659999999999997,0,0.34643104027557015,0.0,short,short,10,91.59999999999997,5.948051948051946,246.9999999999996
2022-07-17 12:00:00,152.8,138.06,-14.740000000000007,0,0.3907248010438677,0.0,short,short,10,142.4000000000001,9.319371727748697,389.3999999999997
2022-07-17 13:00:00,142.0,141.01,-0.9900000000000092,0,0.4108387476463767,0.0,short,short,10,4.900000000000091,0.3450704225352177,394.2999999999998
2022-07-17 14:00:00,140.5,138.02,-2.4799999999999898,0,0.41378023152323035,0.0,short,short,10,19.799999999999898,1.4092526690391387,414.0999999999997
2022-07-17 15:00:00,144.7,137.23,-7.469999999999999,0,0.3434507530430256,0.0,short,short,10,69.69999999999999,4.816862474084312,483.79999999999967
2022-07-17 16:00:00,177.0,171.1,-5.900000000000006,0,0.29286484899528864,0.0,short,short,10,54.00000000000006,3.0508474576271216,537.7999999999997
2022-07-17 17:00:00,228.6,234.01,5.409999999999997,1,0.2559918108337253,0.0,short,short,10,-59.099999999999966,-2.5853018372703396,478.69999999999976
2022-07-17 18:00:00,288.8,277.97,-10.829999999999984,0,0.20436002003805073,0.0,short,short,10,103.29999999999984,3.576869806094177,581.9999999999995
2022-07-17 19:00:00,301.1,283.98,-17.120000000000005,0,0.17097832676164143,0.0,short,short,10,166.20000000000005,5.5197608767851225,748.1999999999996
2022-07-17 20:00:00,281.6,274.1,-7.5,0,0.1796528451946802,0.0,short,short,10,70.0,2.4857954545454546,818.1999999999996
2022-07-17 21:00:00,264.7,270.44,5.740000000000009,1,0.19634664284443665,0.0,short,short,10,-62.40000000000009,-2.357385719682663,755.7999999999995
2022-07-17 22:00:00,238.3,235.37,-2.930000000000007,0,0.20716318560462688,0.0,short,short,10,24.300000000000068,1.0197230381871618,780.0999999999996
2022-07-17 23:00:00,200.0,164.01,-35.99000000000001,0,0.23503415643588588,0.0,short,short,10,354.9000000000001,17.745000000000005,1134.9999999999995
2022-07-18 00:00:00,171.5,163.02,-8.47999999999999,0,0.34775509536022514,0.0,short,short,10,79.7999999999999,4.65306122448979,1214.7999999999995
2022-07-18 01:00:00,157.0,138.66,-18.340000000000003,0,0.34432620209241094,0.0,short,short,10,178.40000000000003,11.363057324840767,1393.1999999999996
2022-07-18 02:00:00,153.0,134.56,-18.44,0,0.3718905494738399,0.0,short,short,10,179.39999999999998,11.725490196078429,1572.5999999999995
2022-07-18 03:00:00,155.8,136.67,-19.130000000000024,0,0.4071544199109682,1.0,long,long,10,-196.30000000000024,-12.599486521181017,1376.2999999999993
2022-07-18 04:00:00,163.7,153.49,-10.20999999999998,0,0.4057831742056894,1.0,long,long,10,-107.0999999999998,-6.542455711667673,1269.1999999999994
2022-07-18 05:00:00,172.3,155.99,-16.310000000000002,0,0.39517906460743857,0.0,short,short,10,158.10000000000002,9.175856065002902,1427.2999999999993
2022-07-18 06:00:00,229.9,227.59,-2.3100000000000023,0,0.29795678740985204,0.0,short,short,10,18.100000000000023,0.7872988255763386,1445.3999999999992
2022-07-18 07:00:00,329.95,344.6,14.650000000000034,1,0.3614493153225816,1.0,long,long,10,141.50000000000034,4.288528564934091,1586.8999999999996
2022-07-18 08:00:00,355.4,355.4,0.0,0,0.3910935830709419,0.0,short,short,10,-5.0,-0.14068655036578503,1581.8999999999996
2022-07-18 09:00:00,375.0,374.0,-1.0,0,0.448197938099699,0.0,short,short,10,5.0,0.13333333333333333,1586.8999999999996
2022-07-18 10:00:00,366.5,367.5,1.0,1,0.5419604334944045,0.0,short,short,10,-15.0,-0.4092769440654843,1571.8999999999996
2022-07-18 11:00:00,350.35,357.3,6.949999999999989,1,0.5385604146695628,0.0,short,short,10,-74.49999999999989,-2.1264449835878376,1497.3999999999996
2022-07-18 12:00:00,353.1,372.61,19.50999999999999,1,0.5646022773807498,0.0,short,short,10,-200.0999999999999,-5.666949872557347,1297.2999999999997
2022-07-18 13:00:00,358.0,363.73,5.730000000000018,1,0.5488674110062108,0.0,short,short,10,-62.30000000000018,-1.7402234636871559,1234.9999999999995
2022-07-18 14:00:00,351.9,354.86,2.9600000000000364,1,0.5590697020772966,0.0,short,short,10,-34.600000000000364,-0.983233873259459,1200.3999999999992
2022-07-18 15:00:00,346.0,354.99,8.990000000000009,1,0.5343944397134425,0.0,short,short,10,-94.90000000000009,-2.742774566473991,1105.499999999999
2022-07-18 16:00:00,440.0,445.0,5.0,1,0.3840209657542448,0.0,short,short,10,-55.0,-1.25,1050.499999999999
2022-07-18 17:00:00,460.0,506.63,46.629999999999995,1,0.5612515469870949,1.0,long,long,10,461.29999999999995,10.028260869565216,1511.799999999999
2022-07-18 18:00:00,553.7,647.64,93.93999999999994,1,0.3324179453584206,0.0,short,short,10,-944.3999999999994,-17.056167599783265,567.3999999999996
2022-07-18 19:00:00,506.7,598.62,91.92000000000002,1,0.4038538703807058,0.0,short,short,10,-924.2000000000002,-18.239589500690748,-356.8000000000005
2022-07-18 20:00:00,465.3,499.94,34.639999999999986,1,0.3668347202805587,0.0,short,short,10,-351.39999999999986,-7.552116913819038,-708.2000000000004
2022-07-18 21:00:00,430.3,430.3,0.0,0,0.34137891986568863,1.0,long,long,10,-5.0,-0.11619800139437601,-713.2000000000004
2022-07-18 22:00:00,365.2,347.59,-17.610000000000014,0,0.3326967707097138,0.0,short,short,10,171.10000000000014,4.685104052573936,-542.1000000000003
2022-07-18 23:00:00,265.0,243.78,-21.22,0,0.33496187466267036,0.0,short,short,10,207.2,7.818867924528302,-334.90000000000026
2022-07-19 00:00:00,198.0,174.54,-23.460000000000008,0,0.567735638240354,0.0,short,short,10,229.60000000000008,11.5959595959596,-105.30000000000018
2022-07-19 01:00:00,170.0,150.0,-20.0,0,0.5937161835625526,0.0,short,short,10,195.0,11.470588235294118,89.69999999999982
2022-07-19 02:00:00,153.2,146.08,-7.119999999999976,0,0.6345839340277742,0.0,short,short,10,66.19999999999976,4.321148825065259,155.89999999999958
2022-07-19 03:00:00,146.2,150.01,3.8100000000000023,1,0.6418947840496793,0.0,short,short,10,-43.10000000000002,-2.948016415868674,112.79999999999956
2022-07-19 04:00:00,154.2,150.01,-4.189999999999998,0,0.6483283138214992,0.0,short,short,10,36.89999999999998,2.392996108949415,149.69999999999953
2022-07-19 05:00:00,154.02,150.01,-4.010000000000019,0,0.603840035900183,0.0,short,short,10,35.10000000000019,2.2789248149591086,184.79999999999973
2022-07-19 06:00:00,200.0,215.81,15.810000000000002,1,0.5457153042669733,0.0,short,short,10,-163.10000000000002,-8.155000000000001,21.699999999999704
2022-07-19 07:00:00,277.0,275.99,-1.009999999999991,0,0.49970890618724895,1.0,long,long,10,-15.099999999999909,-0.5451263537906105,6.599999999999795
2022-07-19 08:00:00,289.0,304.04,15.04000000000002,1,0.5269326876633951,0.0,short,short,10,-155.4000000000002,-5.377162629757793,-148.8000000000004
2022-07-19 09:00:00,272.0,281.63,9.629999999999995,1,0.5967607743185166,0.0,short,short,10,-101.29999999999995,-3.7242647058823515,-250.10000000000036
2022-07-19 10:00:00,250.0,263.63,13.629999999999995,1,0.6248759662486625,1.0,long,long,10,131.29999999999995,5.251999999999999,-118.80000000000041
2022-07-19 11:00:00,237.2,245.7,8.5,1,0.6275924566072159,1.0,long,long,10,80.0,3.372681281618887,-38.80000000000041
2022-07-19 12:00:00,232.1,239.35,7.25,1,0.639767158592758,1.0,long,long,10,67.5,2.908229211546747,28.69999999999959
2022-07-19 13:00:00,216.3,237.78,21.47999999999999,1,0.6395618274974161,1.0,long,long,10,209.7999999999999,9.699491447064258,238.4999999999995
2022-07-19 14:00:00,209.4,239.11,29.710000000000008,1,0.63984655325137,1.0,long,long,10,292.1000000000001,13.949379178605543,530.5999999999996
2022-07-19 15:00:00,230.3,245.08,14.78,1,0.6116834665484647,1.0,long,long,10,142.8,6.200607902735563,673.3999999999996
2022-07-19 16:00:00,290.0,286.96,-3.0400000000000205,0,0.6076054197213135,1.0,long,long,10,-35.400000000000205,-1.220689655172421,637.9999999999994
2022-07-19 17:00:00,334.7,276.31,-58.389999999999986,0,0.5122822705784851,1.0,long,long,10,-588.8999999999999,-17.594861069614577,49.09999999999957
2022-07-19 18:00:00,418.7,323.14,-95.56,0,0.37295501810892095,1.0,long,long,10,-960.6,-22.942440888464294,-911.5000000000005
2022-07-19 19:00:00,404.0,339.93,-64.07,0,0.3266840270382759,1.0,long,long,10,-645.6999999999999,-15.982673267326732,-1557.2000000000003
2022-07-19 20:00:00,337.0,302.55,-34.44999999999999,0,0.39084815498890235,1.0,long,long,10,-349.4999999999999,-10.370919881305634,-1906.7000000000003
2022-07-19 21:00:00,292.2,291.21,-0.9900000000000092,0,0.39788998658361213,0.0,short,short,10,4.900000000000091,0.16769336071184432,-1901.8000000000002
2022-07-19 22:00:00,256.3,248.34,-7.960000000000008,0,0.4850599829432183,0.0,short,short,10,74.60000000000008,2.9106515801794806,-1827.2
2022-07-19 23:00:00,233.7,224.92,-8.780000000000001,0,0.49744576872937557,0.0,short,short,10,82.80000000000001,3.5430038510911435,-1744.4
2022-07-20 00:00:00,198.8,199.69,0.8899999999999864,1,0.3796935397748371,0.0,short,short,10,-13.899999999999864,-0.69919517102615,-1758.3
2022-07-20 01:00:00,165.8,177.3,11.5,1,0.38404879195275915,0.0,short,short,10,-120.0,-7.237635705669481,-1878.3
2022-07-20 02:00:00,165.4,181.14,15.73999999999998,1,0.4116043113772685,0.0,short,short,10,-162.3999999999998,-9.81862152357919,-2040.6999999999998
2022-07-20 03:00:00,168.1,179.26,11.159999999999997,1,0.4493976718363643,1.0,long,long,10,106.59999999999997,6.341463414634144,-1934.1
2022-07-20 04:00:00,157.1,176.7,19.59999999999999,1,0.406569772454449,0.0,short,short,10,-200.99999999999994,-12.794398472310625,-2135.1
2022-07-20 05:00:00,174.1,189.05,14.950000000000015,1,0.41410887097427823,0.0,short,short,10,-154.50000000000017,-8.8742102240092,-2289.6
2022-07-20 06:00:00,200.8,262.56,61.75999999999999,1,0.45413328585379914,1.0,long,long,10,612.5999999999999,30.507968127490035,-1677.0
2022-07-20 07:00:00,269.8,272.47,2.670000000000016,1,0.4815934408918089,0.0,short,short,10,-31.70000000000016,-1.1749444032616811,-1708.7000000000003
2022-07-20 08:00:00,275.8,274.81,-0.9900000000000092,0,0.4290757309045483,1.0,long,long,10,-14.900000000000091,-0.5402465554749851,-1723.6000000000004
2022-07-20 09:00:00,258.0,271.84,13.839999999999977,1,0.4411009561646236,1.0,long,long,10,133.39999999999975,5.170542635658905,-1590.2000000000007
2022-07-20 10:00:00,253.0,263.52,10.519999999999982,1,0.5171532378234669,1.0,long,long,10,100.19999999999982,3.960474308300388,-1490.000000000001
2022-07-20 11:00:00,239.9,255.01,15.109999999999983,1,0.500783491176918,1.0,long,long,10,146.09999999999985,6.090037515631507,-1343.900000000001
2022-07-20 12:00:00,233.9,248.19,14.289999999999992,1,0.5146146523805477,1.0,long,long,10,137.89999999999992,5.895681915348437,-1206.0000000000011
2022-07-20 13:00:00,222.0,234.25,12.25,1,0.5645363846431556,1.0,long,long,10,117.5,5.292792792792793,-1088.5000000000011
2022-07-20 14:00:00,231.5,246.57,15.069999999999991,1,0.5441092765672695,1.0,long,long,10,145.69999999999993,6.293736501079911,-942.8000000000012
2022-07-20 15:00:00,229.0,264.0,35.0,1,0.5347866801207097,1.0,long,long,10,345.0,15.065502183406114,-597.8000000000012
2022-07-20 16:00:00,272.5,285.0,12.5,1,0.5061808135217962,0.0,short,short,10,-130.0,-4.770642201834862,-727.8000000000012
2022-07-20 17:00:00,281.8,300.92,19.120000000000005,1,0.4615474220098503,0.0,short,short,10,-196.20000000000005,-6.96238466997871,-924.0000000000013
2022-07-20 18:00:00,319.0,314.28,-4.720000000000027,0,0.38538468770708484,0.0,short,short,10,42.20000000000027,1.3228840125391934,-881.800000000001
2022-07-20 19:00:00,330.0,331.88,1.8799999999999957,1,0.30359640293346957,0.0,short,short,10,-23.799999999999955,-0.7212121212121199,-905.6000000000009
2022-07-20 20:00:00,300.8,313.51,12.70999999999998,1,0.33903583499358525,0.0,short,short,10,-132.0999999999998,-4.391622340425525,-1037.7000000000007
2022-07-20 21:00:00,282.0,310.33,28.329999999999984,1,0.3835823469539642,0.0,short,short,10,-288.29999999999984,-10.223404255319144,-1326.0000000000005
2022-07-20 22:00:00,241.0,289.99,48.99000000000001,1,0.44006496105880244,0.0,short,short,10,-494.9000000000001,-20.53526970954357,-1820.9000000000005
2022-07-20 23:00:00,233.35,198.86,-34.48999999999998,0,0.31026876297477785,0.0,short,short,10,339.8999999999998,14.566102421255616,-1481.0000000000007
2022-07-21 00:00:00,189.0,173.41,-15.590000000000003,0,0.25129721488564194,1.0,long,long,10,-160.90000000000003,-8.513227513227514,-1641.9000000000008
2022-07-21 01:00:00,179.7,172.94,-6.759999999999991,0,0.2576488313994171,1.0,long,long,10,-72.59999999999991,-4.040066777963267,-1714.5000000000007
2022-07-21 02:00:00,170.45,172.83,2.380000000000024,1,0.2359779167228416,1.0,long,long,10,18.80000000000024,1.102962745673232,-1695.7000000000005
2022-07-21 03:00:00,169.1,172.57,3.469999999999999,1,0.2828498128132466,1.0,long,long,10,29.69999999999999,1.7563571850975748,-1666.0000000000005
2022-07-21 04:00:00,170.0,172.55,2.5500000000000114,1,0.2766484017606796,1.0,long,long,10,20.500000000000114,1.205882352941183,-1645.5000000000005
2022-07-21 05:00:00,168.3,172.1,3.799999999999983,1,0.27477198933261615,1.0,long,long,10,32.99999999999983,1.96078431372548,-1612.5000000000007
2022-07-21 06:00:00,269.0,260.01,-8.990000000000009,0,0.22749937873315135,1.0,long,long,10,-94.90000000000009,-3.5278810408921966,-1707.4000000000008
2022-07-21 07:00:00,300.0,290.6,-9.399999999999975,0,0.2873313166332744,1.0,long,long,10,-98.99999999999977,-3.2999999999999927,-1806.4000000000005
2022-07-21 08:00:00,325.0,310.01,-14.990000000000007,0,0.3353109478938101,0.0,short,short,10,144.9000000000001,4.458461538461541,-1661.5000000000005
2022-07-21 09:00:00,329.3,299.99,-29.31,0,0.34826386316093094,1.0,long,long,10,-298.1,-9.052535681749166,-1959.6000000000004
2022-07-21 10:00:00,320.0,281.91,-38.089999999999975,0,0.37354164850005045,1.0,long,long,10,-385.89999999999975,-12.059374999999994,-2345.5
2022-07-21 11:00:00,316.4,285.55,-30.84999999999997,0,0.3622242310036759,1.0,long,long,10,-313.49999999999966,-9.908343868520848,-2658.9999999999995
2022-07-21 12:00:00,319.1,292.01,-27.090000000000032,0,0.3871978142599572,1.0,long,long,10,-275.9000000000003,-8.64619241617049,-2934.8999999999996
2022-07-21 13:00:00,324.85,290.01,-34.84000000000003,0,0.34762264661543774,1.0,long,long,10,-353.4000000000003,-10.878867169462838,-3288.3
2022-07-21 14:00:00,331.55,282.67,-48.879999999999995,0,0.3314199035135733,1.0,long,long,10,-493.79999999999995,-14.893681194389984,-3782.1000000000004
2022-07-21 15:00:00,333.6,282.32,-51.28000000000003,0,0.2822668641516304,1.0,long,long,10,-517.8000000000003,-15.521582733812957,-4299.900000000001
2022-07-21 16:00:00,395.9,320.03,-75.87,0,0.25685007132220866,1.0,long,long,10,-763.7,-19.290224804243497,-5063.6
2022-07-21 17:00:00,425.0,337.96,-87.04000000000002,0,0.2979260353246247,1.0,long,long,10,-875.4000000000002,-20.597647058823533,-5939.000000000001
2022-07-21 18:00:00,501.0,402.54,-98.45999999999998,0,0.25113139828129794,0.0,short,short,10,979.5999999999998,19.552894211576845,-4959.4000000000015
2022-07-21 19:00:00,500.0,399.96,-100.04000000000002,0,0.20890643733240438,1.0,long,long,10,-1005.4000000000002,-20.108000000000004,-5964.800000000002
2022-07-21 20:00:00,499.0,371.59,-127.41000000000004,0,0.25777329909311697,1.0,long,long,10,-1279.1000000000004,-25.633266533066138,-7243.900000000002
2022-07-21 21:00:00,443.5,399.97,-43.52999999999997,0,0.2499585284577629,1.0,long,long,10,-440.2999999999997,-9.927846674182632,-7684.200000000003
2022-07-21 22:00:00,370.1,322.65,-47.450000000000045,0,0.2611549025039047,1.0,long,long,10,-479.50000000000045,-12.95595784922995,-8163.700000000003
2022-07-21 23:00:00,256.0,242.43,-13.569999999999991,0,0.23047845647729714,0.0,short,short,10,130.69999999999993,5.105468749999997,-8033.000000000003
2022-07-22 00:00:00,226.3,221.95,-4.350000000000023,0,0.4914056664124962,0.0,short,short,10,38.50000000000023,1.7012814847547604,-7994.500000000003
2022-07-22 01:00:00,222.7,219.12,-3.579999999999984,0,0.4790068357007104,0.0,short,short,10,30.79999999999984,1.383026493039957,-7963.700000000003
2022-07-22 02:00:00,215.6,214.99,-0.6099999999999852,0,0.4371885334855009,1.0,long,long,10,-11.099999999999852,-0.5148423005565794,-7974.800000000002
2022-07-22 03:00:00,216.1,218.73,2.6299999999999955,1,0.5119279616484826,1.0,long,long,10,21.299999999999955,0.9856547894493269,-7953.500000000002
2022-07-22 04:00:00,215.6,214.9,-0.6999999999999886,0,0.5373588332044066,1.0,long,long,10,-11.999999999999886,-0.5565862708719799,-7965.500000000002
2022-07-22 05:00:00,217.0,202.05,-14.949999999999989,0,0.5326999041920596,1.0,long,long,10,-154.4999999999999,-7.11981566820276,-8120.000000000002
2022-07-22 06:00:00,255.0,289.82,34.81999999999999,1,0.5322959667585911,0.0,short,short,10,-353.19999999999993,-13.85098039215686,-8473.200000000003
2022-07-22 07:00:00,306.7,320.7,14.0,1,0.7021132549716171,0.0,short,short,10,-145.0,-4.727746984023476,-8618.200000000003
2022-07-22 08:00:00,319.7,335.62,15.920000000000016,1,0.635075075782208,0.0,short,short,10,-164.20000000000016,-5.136065060994687,-8782.400000000003
2022-07-22 09:00:00,278.4,315.01,36.610000000000014,1,0.7471784216590959,0.0,short,short,10,-371.10000000000014,-13.32974137931035,-9153.500000000004
2022-07-22 10:00:00,276.0,304.07,28.069999999999993,1,0.654891701375582,0.0,short,short,10,-285.69999999999993,-10.351449275362317,-9439.200000000004
2022-07-22 11:00:00,280.15,298.51,18.360000000000017,1,0.7056016439800176,0.0,short,short,10,-188.60000000000014,-6.732107799393187,-9627.800000000005
2022-07-22 12:00:00,271.9,292.14,20.24000000000001,1,0.6576052864345249,0.0,short,short,10,-207.4000000000001,-7.627804339830822,-9835.200000000004
2022-07-22 13:00:00,268.8,284.72,15.920000000000016,1,0.6779462736665379,0.0,short,short,10,-164.20000000000016,-6.108630952380958,-9999.400000000005
2022-07-22 14:00:00,265.0,272.06,7.060000000000002,1,0.6663911923189967,0.0,short,short,10,-75.60000000000002,-2.852830188679246,-10075.000000000005
2022-07-22 15:00:00,262.0,280.99,18.99000000000001,1,0.6628455476557387,0.0,short,short,10,-194.9000000000001,-7.438931297709926,-10269.900000000005
2022-07-22 16:00:00,301.3,305.4,4.099999999999966,1,0.6331967521224643,0.0,short,short,10,-45.99999999999966,-1.526717557251897,-10315.900000000005
2022-07-22 17:00:00,319.7,324.6,4.900000000000034,1,0.5494495864730663,0.0,short,short,10,-54.00000000000034,-1.6890835157960695,-10369.900000000005
2022-07-22 18:00:00,343.0,350.0,7.0,1,0.4985693517869102,0.0,short,short,10,-75.0,-2.186588921282799,-10444.900000000005
2022-07-22 19:00:00,385.8,377.36,-8.439999999999998,0,0.4283196642082006,0.0,short,short,10,79.39999999999998,2.058061171591498,-10365.500000000005
2022-07-22 20:00:00,362.6,350.0,-12.600000000000025,0,0.49632782389982216,0.0,short,short,10,121.00000000000023,3.3370104798676286,-10244.500000000005
2022-07-22 21:00:00,365.0,351.0,-14.0,0,0.49822378421044106,0.0,short,short,10,135.0,3.6986301369863015,-10109.500000000005
2022-07-22 22:00:00,321.6,306.01,-15.590000000000032,0,0.5236805243289167,0.0,short,short,10,150.90000000000032,4.692164179104488,-9958.600000000006
2022-07-22 23:00:00,267.6,300.0,32.39999999999998,1,0.398205379370362,0.0,short,short,10,-328.9999999999998,-12.294469357249618,-10287.600000000006
2022-07-23 00:00:00,239.9,268.19,28.289999999999992,1,0.6001531299170519,0.0,short,short,10,-287.8999999999999,-12.000833680700289,-10575.500000000005
2022-07-23 01:00:00,237.9,272.15,34.24999999999997,1,0.6446722457847069,0.0,short,short,10,-347.4999999999997,-14.606977721731807,-10923.000000000005
2022-07-23 02:00:00,239.6,273.85,34.25000000000003,1,0.6571120044110639,0.0,short,short,10,-347.5000000000003,-14.503338898163618,-11270.500000000005
2022-07-23 03:00:00,234.6,254.0,19.40000000000001,1,0.6809984258927779,1.0,long,long,10,189.00000000000006,8.056265984654734,-11081.500000000005
2022-07-23 04:00:00,236.0,251.01,15.009999999999993,1,0.6545395526894606,0.0,short,short,10,-155.0999999999999,-6.572033898305081,-11236.600000000006
2022-07-23 05:00:00,235.0,248.54,13.539999999999992,1,0.6491588012514675,0.0,short,short,10,-140.39999999999992,-5.97446808510638,-11377.000000000005
2022-07-23 06:00:00,258.0,273.0,15.0,1,0.6393226557696203,1.0,long,long,10,145.0,5.62015503875969,-11232.000000000005
2022-07-23 07:00:00,256.0,285.14,29.139999999999983,1,0.6160846322742648,1.0,long,long,10,286.39999999999986,11.187499999999995,-10945.600000000006
2022-07-23 08:00:00,239.5,263.07,23.569999999999993,1,0.6329656041065512,1.0,long,long,10,230.69999999999993,9.632567849686845,-10714.900000000005
2022-07-23 09:00:00,239.8,265.0,25.19999999999999,1,0.633891671054968,1.0,long,long,10,246.9999999999999,10.300250208507086,-10467.900000000005
2022-07-23 10:00:00,226.2,254.51,28.31,1,0.654622586022864,1.0,long,long,10,278.1,12.294429708222813,-10189.800000000005
2022-07-23 11:00:00,221.1,240.12,19.02000000000001,1,0.630068812247138,1.0,long,long,10,185.2000000000001,8.37630031659883,-10004.600000000004
2022-07-23 12:00:00,216.0,224.6,8.599999999999994,1,0.6201690597336179,1.0,long,long,10,80.99999999999994,3.7499999999999973,-9923.600000000004
2022-07-23 13:00:00,193.0,193.0,0.0,0,0.6264031868954973,1.0,long,long,10,-5.0,-0.25906735751295334,-9928.600000000004
2022-07-23 14:00:00,180.0,187.0,7.0,1,0.6521777202250043,1.0,long,long,10,65.0,3.611111111111111,-9863.600000000004
2022-07-23 15:00:00,180.0,187.15,7.150000000000006,1,0.6412445780488362,1.0,long,long,10,66.50000000000006,3.6944444444444473,-9797.100000000004
2022-07-23 16:00:00,210.0,211.38,1.3799999999999957,1,0.5471939374782017,1.0,long,long,10,8.799999999999955,0.4190476190476169,-9788.300000000005
2022-07-23 17:00:00,251.0,275.0,24.0,1,0.5422945113181408,1.0,long,long,10,235.0,9.362549800796813,-9553.300000000005
2022-07-23 18:00:00,265.0,288.67,23.670000000000016,1,0.3906022298069223,1.0,long,long,10,231.70000000000016,8.7433962264151,-9321.600000000004
2022-07-23 19:00:00,256.7,274.98,18.28000000000003,1,0.41393106532316204,0.0,short,short,10,-187.8000000000003,-7.315932995714854,-9509.400000000005
2022-07-23 20:00:00,231.9,244.0,12.099999999999994,1,0.45432431352495284,0.0,short,short,10,-125.99999999999994,-5.433376455368691,-9635.400000000005
2022-07-23 21:00:00,220.7,238.38,17.680000000000007,1,0.488205658778723,0.0,short,short,10,-181.80000000000007,-8.237426370638879,-9817.200000000004
2022-07-23 22:00:00,193.0,195.03,2.030000000000001,1,0.6077349991229611,0.0,short,short,10,-25.30000000000001,-1.3108808290155445,-9842.500000000004
2022-07-23 23:00:00,285.0,285.8,0.8000000000000114,1,0.5453830809932108,1.0,long,long,10,3.0000000000001137,0.10526315789474083,-9839.500000000004
2022-07-24 00:00:00,250.0,255.01,5.009999999999991,1,0.3308262606846585,1.0,long,long,10,45.09999999999991,1.8039999999999963,-9794.400000000003
2022-07-24 01:00:00,237.4,241.6,4.199999999999989,1,0.25902373125061623,1.0,long,long,10,36.999999999999886,1.5585509688289758,-9757.400000000003
2022-07-24 02:00:00,226.0,232.25,6.25,1,0.3237900137858042,1.0,long,long,10,57.5,2.5442477876106193,-9699.900000000003
2022-07-24 03:00:00,200.5,220.77,20.27000000000001,1,0.28705485599797637,1.0,long,long,10,197.7000000000001,9.860349127182051,-9502.200000000003
2022-07-24 04:00:00,199.4,211.2,11.799999999999985,1,0.38168547102599115,1.0,long,long,10,112.99999999999983,5.667001003009019,-9389.200000000003
2022-07-24 05:00:00,184.0,199.96,15.960000000000008,1,0.2604505219845286,1.0,long,long,10,154.60000000000008,8.402173913043482,-9234.600000000002
2022-07-24 06:00:00,177.7,193.03,15.330000000000013,1,0.3022078195464003,1.0,long,long,10,148.30000000000013,8.345526167698376,-9086.300000000003
2022-07-24 07:00:00,190.6,194.6,4.0,1,0.27861732106253956,1.0,long,long,10,35.0,1.8363064008394543,-9051.300000000003
2022-07-24 08:00:00,191.0,175.52,-15.47999999999999,0,0.2505203588856748,1.0,long,long,10,-159.7999999999999,-8.366492146596853,-9211.100000000002
2022-07-24 09:00:00,185.7,151.1,-34.599999999999994,0,0.18575329795441414,1.0,long,long,10,-350.99999999999994,-18.901453957996765,-9562.100000000002
2022-07-24 10:00:00,198.0,174.3,-23.69999999999999,0,0.2078329285784136,1.0,long,long,10,-241.9999999999999,-12.222222222222216,-9804.100000000002
2022-07-24 11:00:00,200.0,174.3,-25.69999999999999,0,0.18501185212924026,1.0,long,long,10,-261.9999999999999,-13.099999999999994,-10066.100000000002
2022-07-24 12:00:00,201.3,174.3,-27.0,0,0.22815130975732545,1.0,long,long,10,-275.0,-13.66120218579235,-10341.100000000002
2022-07-24 13:00:00,186.5,163.15,-23.34999999999999,0,0.18807494647149162,0.0,short,short,10,228.49999999999994,12.252010723860586,-10112.600000000002
2022-07-24 14:00:00,174.65,166.45,-8.200000000000017,0,0.22865359317905976,1.0,long,long,10,-87.00000000000017,-4.981391354136854,-10199.600000000002
2022-07-24 15:00:00,181.7,153.32,-28.379999999999995,0,0.2354732014929643,1.0,long,long,10,-288.79999999999995,-15.894331315354979,-10488.400000000001
2022-07-24 16:00:00,240.0,237.53,-2.469999999999999,0,0.21967762235060126,1.0,long,long,10,-29.69999999999999,-1.2374999999999996,-10518.100000000002
2022-07-24 17:00:00,270.6,275.38,4.779999999999973,1,0.21381846946904393,1.0,long,long,10,42.79999999999973,1.581670362158157,-10475.300000000003
2022-07-24 18:00:00,312.1,311.95,-0.1500000000000341,0,0.19154419073239076,1.0,long,long,10,-6.500000000000341,-0.2082665812239776,-10481.800000000003
2022-07-24 19:00:00,314.9,294.02,-20.879999999999995,0,0.21241650666750844,1.0,long,long,10,-213.79999999999995,-6.789456970466814,-10695.600000000002
2022-07-24 20:00:00,291.4,289.65,-1.75,0,0.21740799358790452,1.0,long,long,10,-22.5,-0.7721345229924502,-10718.100000000002
2022-07-24 21:00:00,284.1,287.61,3.509999999999991,1,0.24693632466958537,1.0,long,long,10,30.09999999999991,1.0594860964449107,-10688.000000000002
2022-07-24 22:00:00,255.0,280.5,25.5,1,0.29031299638432917,1.0,long,long,10,250.0,9.803921568627452,-10438.000000000002
2022-07-24 23:00:00,243.0,210.01,-32.99000000000001,0,0.2406042409816279,1.0,long,long,10,-334.9000000000001,-13.78189300411523,-10772.900000000001
2022-07-25 00:00:00,211.0,221.5,10.5,1,0.34335575563571835,1.0,long,long,10,100.0,4.739336492890995,-10672.900000000001
2022-07-25 01:00:00,205.6,210.01,4.409999999999997,1,0.3577865261693708,1.0,long,long,10,39.099999999999966,1.901750972762644,-10633.800000000001
2022-07-25 02:00:00,197.0,205.96,8.960000000000008,1,0.37167774942021964,1.0,long,long,10,84.60000000000008,4.294416243654826,-10549.2
2022-07-25 03:00:00,190.0,206.69,16.689999999999998,1,0.4008462434476601,1.0,long,long,10,161.89999999999998,8.521052631578947,-10387.300000000001
2022-07-25 04:00:00,190.6,210.0,19.40000000000001,1,0.39516733183841385,1.0,long,long,10,189.00000000000006,9.916054564533058,-10198.300000000001
2022-07-25 05:00:00,202.0,210.01,8.009999999999991,1,0.3556663294154647,1.0,long,long,10,75.09999999999991,3.717821782178213,-10123.2
2022-07-25 06:00:00,226.9,259.98,33.08000000000001,1,0.290045051127714,1.0,long,long,10,325.8000000000001,14.35874834728956,-9797.400000000001
2022-07-25 07:00:00,248.0,273.85,25.850000000000023,1,0.3712566003451073,1.0,long,long,10,253.50000000000023,10.221774193548397,-9543.900000000001
2022-07-25 08:00:00,267.0,271.0,4.0,1,0.30477422349733096,0.0,short,short,10,-45.0,-1.6853932584269662,-9588.900000000001
2022-07-25 09:00:00,266.2,261.81,-4.389999999999986,0,0.3446957720331919,0.0,short,short,10,38.899999999999864,1.4613072877535636,-9550.000000000002
2022-07-25 10:00:00,242.8,225.88,-16.920000000000016,0,0.3414418114986121,0.0,short,short,10,164.20000000000016,6.762767710049429,-9385.800000000001
2022-07-25 11:00:00,225.7,210.0,-15.699999999999989,0,0.37227579903234653,0.0,short,short,10,151.9999999999999,6.734603455914926,-9233.800000000001
2022-07-25 12:00:00,200.0,191.68,-8.319999999999993,0,0.3876102554338948,0.0,short,short,10,78.19999999999993,3.909999999999996,-9155.6
2022-07-25 13:00:00,174.8,180.67,5.869999999999976,1,0.32289558174450284,0.0,short,short,10,-63.69999999999976,-3.644164759725387,-9219.3
2022-07-25 14:00:00,164.0,162.23,-1.7700000000000102,0,0.3525353756819597,0.0,short,short,10,12.700000000000102,0.7743902439024453,-9206.599999999999
2022-07-25 15:00:00,173.2,167.44,-5.759999999999991,0,0.33744403410457846,0.0,short,short,10,52.59999999999991,3.036951501154729,-9153.999999999998
2022-07-25 16:00:00,215.8,195.77,-20.03,0,0.28803720954127415,0.0,short,short,10,195.3,9.050046339202966,-8958.699999999999
2022-07-25 17:00:00,265.0,254.21,-10.789999999999992,0,0.27288381913149484,1.0,long,long,10,-112.89999999999992,-4.2603773584905635,-9071.599999999999
2022-07-25 18:00:00,315.6,287.31,-28.29000000000002,0,0.21935601142728806,0.0,short,short,10,277.9000000000002,8.805449936628651,-8793.699999999999
2022-07-25 19:00:00,305.0,284.24,-20.75999999999999,0,0.20047284464408643,0.0,short,short,10,202.5999999999999,6.6426229508196695,-8591.099999999999
2022-07-25 20:00:00,286.6,274.23,-12.370000000000005,0,0.23093326895145339,0.0,short,short,10,118.70000000000005,4.141660851360783,-8472.399999999998
2022-07-25 21:00:00,282.5,289.65,7.149999999999977,1,0.2505229273694648,1.0,long,long,10,66.49999999999977,2.353982300884948,-8405.899999999998
2022-07-25 22:00:00,239.0,257.73,18.730000000000015,1,0.29474150729093707,1.0,long,long,10,182.30000000000018,7.627615062761514,-8223.599999999999
2022-07-25 23:00:00,209.0,202.07,-6.930000000000007,0,0.35335165112270767,0.0,short,short,10,64.30000000000007,3.0765550239234485,-8159.299999999998
2022-07-26 00:00:00,190.0,187.09,-2.9099999999999966,0,0.3512465579854198,1.0,long,long,10,-34.099999999999966,-1.7947368421052612,-8193.399999999998
2022-07-26 01:00:00,194.0,191.1,-2.9000000000000057,0,0.33865727334098905,1.0,long,long,10,-34.00000000000006,-1.7525773195876317,-8227.399999999998
2022-07-26 02:00:00,201.0,194.08,-6.9199999999999875,0,0.3385658414933806,1.0,long,long,10,-74.19999999999987,-3.6915422885572076,-8301.599999999999
2022-07-26 03:00:00,208.0,199.99,-8.009999999999991,0,0.35869175031101486,1.0,long,long,10,-85.09999999999991,-4.09134615384615,-8386.699999999999
2022-07-26 04:00:00,207.0,206.94,-0.0600000000000022,0,0.3344930955769976,1.0,long,long,10,-5.600000000000023,-0.27053140096618467,-8392.3
2022-07-26 05:00:00,212.0,214.98,2.9799999999999898,1,0.32515590521953275,1.0,long,long,10,24.799999999999898,1.1698113207547123,-8367.5
2022-07-26 06:00:00,259.0,240.06,-18.94,0,0.2863878026624822,1.0,long,long,10,-194.39999999999998,-7.505791505791504,-8561.9
2022-07-26 07:00:00,292.7,285.81,-6.889999999999986,0,0.3763098116888105,1.0,long,long,10,-73.89999999999986,-2.5247693884523357,-8635.8
2022-07-26 08:00:00,288.3,291.3,3.0,1,0.4485824384002667,1.0,long,long,10,25.0,0.8671522719389525,-8610.8
2022-07-26 09:00:00,257.6,276.0,18.399999999999977,1,0.4652871642189269,0.0,short,short,10,-188.99999999999977,-7.336956521739122,-8799.8
2022-07-26 10:00:00,231.4,244.97,13.569999999999991,1,0.5192116156115459,0.0,short,short,10,-140.69999999999993,-6.080380293863437,-8940.5
2022-07-26 11:00:00,232.35,257.79,25.440000000000023,1,0.5137044644266965,0.0,short,short,10,-259.40000000000026,-11.16419195179687,-9199.9
2022-07-26 12:00:00,226.75,253.6,26.84999999999999,1,0.5416772651531516,0.0,short,short,10,-273.49999999999994,-12.061742006615212,-9473.4
2022-07-26 13:00:00,218.2,232.78,14.580000000000013,1,0.48384765853153616,1.0,long,long,10,140.80000000000013,6.452795600366642,-9332.6
2022-07-26 14:00:00,208.7,208.7,0.0,0,0.5065300970459357,0.0,short,short,10,-5.0,-0.23957834211787254,-9337.6
2022-07-26 15:00:00,220.0,234.23,14.22999999999999,1,0.49987002694839233,0.0,short,short,10,-147.2999999999999,-6.695454545454541,-9484.9
2022-07-26 16:00:00,227.0,252.16,25.159999999999997,1,0.47379115896726953,0.0,short,short,10,-256.59999999999997,-11.303964757709249,-9741.5
2022-07-26 17:00:00,281.0,302.39,21.389999999999983,1,0.4241813316230974,0.0,short,short,10,-218.89999999999986,-7.790035587188607,-9960.4
2022-07-26 18:00:00,322.0,349.91,27.910000000000025,1,0.37378169131721173,0.0,short,short,10,-284.10000000000025,-8.822981366459635,-10244.5
2022-07-26 19:00:00,339.9,360.0,20.100000000000023,1,0.43578030332804807,0.0,short,short,10,-206.00000000000023,-6.060606060606067,-10450.5
2022-07-26 20:00:00,327.7,349.98,22.28000000000003,1,0.4063122133507133,0.0,short,short,10,-227.8000000000003,-6.951480012206295,-10678.300000000001
2022-07-26 21:00:00,328.0,347.2,19.19999999999999,1,0.35207123970385634,1.0,long,long,10,186.9999999999999,5.701219512195118,-10491.300000000001
2022-07-26 22:00:00,286.4,301.45,15.050000000000011,1,0.42213101035096184,1.0,long,long,10,145.5000000000001,5.0803072625698364,-10345.800000000001
2022-07-26 23:00:00,267.6,275.72,8.120000000000005,1,0.28624209924647476,0.0,short,short,10,-86.20000000000005,-3.221225710014949,-10432.000000000002
2022-07-27 00:00:00,245.6,280.56,34.96000000000001,1,0.5436009338425856,0.0,short,short,10,-354.6000000000001,-14.43811074918567,-10786.600000000002
2022-07-27 01:00:00,247.1,243.03,-4.069999999999993,0,0.5680653921127482,0.0,short,short,10,35.69999999999993,1.4447592067988642,-10750.900000000001
2022-07-27 02:00:00,249.8,225.05,-24.75,0,0.5715351428338455,0.0,short,short,10,242.5,9.707766212970377,-10508.400000000001
2022-07-27 03:00:00,243.9,219.6,-24.30000000000001,0,0.6219138498865344,0.0,short,short,10,238.0000000000001,9.758097580975814,-10270.400000000001
2022-07-27 04:00:00,247.1,219.96,-27.139999999999983,0,0.5963308232716892,0.0,short,short,10,266.39999999999986,10.781060299473891,-10004.000000000002
2022-07-27 05:00:00,247.1,225.06,-22.039999999999992,0,0.6145712192528076,1.0,long,long,10,-225.39999999999992,-9.12181303116147,-10229.400000000001
2022-07-27 06:00:00,281.0,252.29,-28.710000000000008,0,0.6465417477603603,0.0,short,short,10,282.1000000000001,10.039145907473312,-9947.300000000001
2022-07-27 07:00:00,352.2,352.16,-0.0399999999999636,0,0.6490385136001131,0.0,short,short,10,-4.600000000000364,-0.13060760931290072,-9951.900000000001
2022-07-27 08:00:00,337.9,340.01,2.1100000000000136,1,0.7978898880074079,1.0,long,long,10,16.100000000000136,0.4764723290914512,-9935.800000000001
2022-07-27 09:00:00,332.25,330.0,-2.25,0,0.7275792838979369,1.0,long,long,10,-27.5,-0.8276899924755455,-9963.300000000001
2022-07-27 10:00:00,305.6,328.39,22.789999999999964,1,0.7693574395769668,1.0,long,long,10,222.89999999999964,7.293848167539255,-9740.400000000001
2022-07-27 11:00:00,297.9,330.0,32.10000000000002,1,0.736961148314199,1.0,long,long,10,316.0000000000002,10.607586438402155,-9424.400000000001
2022-07-27 12:00:00,306.3,339.99,33.69,1,0.7748702913626618,1.0,long,long,10,331.9,10.835781913157035,-9092.500000000002
2022-07-27 13:00:00,295.0,336.1,41.10000000000002,1,0.7659023697949447,1.0,long,long,10,406.0000000000002,13.762711864406787,-8686.500000000002
2022-07-27 14:00:00,278.45,317.2,38.75,1,0.783010128870929,0.0,short,short,10,-392.5,-14.095887951158197,-9079.000000000002
2022-07-27 15:00:00,289.8,320.0,30.19999999999999,1,0.78735514135784,1.0,long,long,10,296.9999999999999,10.24844720496894,-8782.000000000002
2022-07-27 16:00:00,332.5,329.99,-2.509999999999991,0,0.694809685785891,1.0,long,long,10,-30.09999999999991,-0.9052631578947341,-8812.100000000002
2022-07-27 17:00:00,375.2,367.7,-7.5,0,0.633551167931826,1.0,long,long,10,-80.0,-2.1321961620469083,-8892.100000000002
2022-07-27 18:00:00,404.0,423.46,19.45999999999998,1,0.6586940315198402,1.0,long,long,10,189.5999999999998,4.6930693069306875,-8702.500000000002
2022-07-27 19:00:00,392.7,390.74,-1.9599999999999795,0,0.5481393459846433,1.0,long,long,10,-24.599999999999795,-0.6264323911382683,-8727.100000000002
2022-07-27 20:00:00,381.7,373.94,-7.759999999999991,0,0.5662834982714586,1.0,long,long,10,-82.59999999999991,-2.164003143830231,-8809.700000000003
2022-07-27 21:00:00,372.6,361.91,-10.689999999999998,0,0.6079998602157604,1.0,long,long,10,-111.89999999999998,-3.0032206119162637,-8921.600000000002
2022-07-27 22:00:00,297.9,293.42,-4.479999999999961,0,0.5799830412234768,1.0,long,long,10,-49.79999999999961,-1.6717019133937434,-8971.400000000001
2022-07-27 23:00:00,310.0,330.0,20.0,1,0.5360304825520716,1.0,long,long,10,195.0,6.290322580645161,-8776.400000000001
2022-07-28 00:00:00,275.8,277.52,1.7199999999999704,1,0.5354754678210147,1.0,long,long,10,12.199999999999704,0.4423495286439342,-8764.200000000003
2022-07-28 01:00:00,266.3,271.0,4.699999999999989,1,0.5564543088300534,0.0,short,short,10,-51.999999999999886,-1.9526849417949639,-8816.200000000003
2022-07-28 02:00:00,254.8,266.41,11.610000000000014,1,0.5633981210568004,0.0,short,short,10,-121.10000000000014,-4.752747252747258,-8937.300000000003
2022-07-28 03:00:00,252.4,261.85,9.450000000000015,1,0.595168175113605,0.0,short,short,10,-99.50000000000017,-3.942155309033287,-9036.800000000003
2022-07-28 04:00:00,252.3,272.8,20.5,1,0.6046090330402123,0.0,short,short,10,-210.0,-8.323424494649228,-9246.800000000003
2022-07-28 05:00:00,259.1,267.24,8.139999999999986,1,0.5895854309172308,0.0,short,short,10,-86.39999999999986,-3.334619837900419,-9333.200000000003
2022-07-28 06:00:00,305.3,273.0,-32.30000000000001,0,0.524258396458634,0.0,short,short,10,318.0000000000001,10.415984277759584,-9015.200000000003
2022-07-28 07:00:00,376.0,358.05,-17.94999999999999,0,0.5524445346313247,0.0,short,short,10,174.4999999999999,4.640957446808508,-8840.700000000003
2022-07-28 08:00:00,353.8,349.07,-4.730000000000018,0,0.5843809290964364,1.0,long,long,10,-52.30000000000018,-1.4782362916902256,-8893.000000000004
2022-07-28 09:00:00,353.4,343.2,-10.199999999999989,0,0.622869453240017,0.0,short,short,10,96.99999999999989,2.744765138653081,-8796.000000000004
2022-07-28 10:00:00,329.9,317.69,-12.20999999999998,0,0.5792179795816956,1.0,long,long,10,-127.0999999999998,-3.8526826311003273,-8923.100000000004
2022-07-28 11:00:00,315.4,301.96,-13.439999999999998,0,0.5881328865137607,1.0,long,long,10,-139.39999999999998,-4.419784400760938,-9062.500000000004
2022-07-28 12:00:00,318.0,313.34,-4.660000000000025,0,0.5356008314046221,1.0,long,long,10,-51.60000000000025,-1.6226415094339703,-9114.100000000004
2022-07-28 13:00:00,306.8,307.9,1.099999999999966,1,0.5263767234053298,1.0,long,long,10,5.999999999999659,0.19556714471967598,-9108.100000000004
2022-07-28 14:00:00,303.0,309.99,6.990000000000009,1,0.5741034048205405,1.0,long,long,10,64.90000000000009,2.141914191419145,-9043.200000000004
2022-07-28 15:00:00,329.0,328.0,-1.0,0,0.5935631818665655,1.0,long,long,10,-15.0,-0.45592705167173253,-9058.200000000004
2022-07-28 16:00:00,368.0,376.99,8.990000000000009,1,0.5240540746159039,0.0,short,short,10,-94.90000000000009,-2.5788043478260896,-9153.100000000004
2022-07-28 17:00:00,400.0,402.62,2.6200000000000045,1,0.46970857782573944,0.0,short,short,10,-31.200000000000045,-0.7800000000000011,-9184.300000000005
2022-07-28 18:00:00,430.0,416.72,-13.279999999999973,0,0.39047215069727076,1.0,long,long,10,-137.79999999999973,-3.2046511627906913,-9322.100000000004
2022-07-28 19:00:00,424.0,413.32,-10.680000000000009,0,0.3780755245875474,0.0,short,short,10,101.80000000000007,2.400943396226417,-9220.300000000005
2022-07-28 20:00:00,400.0,389.99,-10.009999999999993,0,0.46270939137688993,0.0,short,short,10,95.09999999999991,2.3774999999999977,-9125.200000000004
2022-07-28 21:00:00,383.8,381.64,-2.160000000000025,0,0.4124096605142581,0.0,short,short,10,16.60000000000025,0.43251693590412327,-9108.600000000004
2022-07-28 22:00:00,313.9,318.3,4.400000000000034,1,0.5032356055315138,0.0,short,short,10,-49.00000000000034,-1.5610066900286825,-9157.600000000004
2022-07-28 23:00:00,280.0,271.41,-8.589999999999975,0,0.3502376724776114,1.0,long,long,10,-90.89999999999975,-3.246428571428562,-9248.500000000004
2022-07-29 00:00:00,270.0,263.51,-6.490000000000009,0,0.3373553589836732,1.0,long,long,10,-69.90000000000009,-2.588888888888892,-9318.400000000003
2022-07-29 01:00:00,265.4,270.02,4.6200000000000045,1,0.3459832481940434,1.0,long,long,10,41.200000000000045,1.55237377543331,-9277.200000000003
2022-07-29 02:00:00,264.9,261.03,-3.870000000000005,0,0.37329788101202976,1.0,long,long,10,-43.700000000000045,-1.6496791241978122,-9320.900000000003
2022-07-29 03:00:00,262.2,258.15,-4.050000000000011,0,0.40048480421740346,1.0,long,long,10,-45.500000000000114,-1.7353165522501948,-9366.400000000003
2022-07-29 04:00:00,265.0,264.0,-1.0,0,0.38184573749869816,1.0,long,long,10,-15.0,-0.5660377358490566,-9381.400000000003
2022-07-29 05:00:00,257.0,268.18,11.180000000000009,1,0.40188303955432175,1.0,long,long,10,106.80000000000007,4.1556420233463065,-9274.600000000004
2022-07-29 06:00:00,313.0,329.0,16.0,1,0.3240437454855061,0.0,short,short,10,-165.0,-5.271565495207668,-9439.600000000004
2022-07-29 07:00:00,375.4,374.0,-1.3999999999999773,0,0.37570771421364957,0.0,short,short,10,8.999999999999773,0.23974427277569985,-9430.600000000004
2022-07-29 08:00:00,378.1,376.3,-1.8000000000000114,0,0.39879946044770703,0.0,short,short,10,13.000000000000114,0.3438243850833143,-9417.600000000004
2022-07-29 09:00:00,346.0,334.21,-11.79000000000002,0,0.3833129822556297,0.0,short,short,10,112.9000000000002,3.2630057803468264,-9304.700000000004
2022-07-29 10:00:00,317.0,315.95,-1.0500000000000114,0,0.4208319863944278,0.0,short,short,10,5.500000000000114,0.17350157728706983,-9299.200000000004
2022-07-29 11:00:00,301.6,314.21,12.609999999999957,1,0.42744277112096,0.0,short,short,10,-131.09999999999957,-4.3468169761273066,-9430.300000000005
2022-07-29 12:00:00,287.8,306.04,18.24000000000001,1,0.45067628830216705,0.0,short,short,10,-187.4000000000001,-6.511466296038918,-9617.700000000004
2022-07-29 13:00:00,273.7,293.26,19.56,1,0.3868748602259666,1.0,long,long,10,190.60000000000002,6.963829009864817,-9427.100000000004
2022-07-29 14:00:00,283.8,277.32,-6.480000000000018,0,0.4002041331289089,1.0,long,long,10,-69.80000000000018,-2.4594785059901403,-9496.900000000005
2022-07-29 15:00:00,306.15,310.0,3.8500000000000223,1,0.4013059309864178,0.0,short,short,10,-43.50000000000023,-1.4208721215090716,-9540.400000000005
2022-07-29 16:00:00,350.0,350.19,0.1899999999999977,1,0.38286815396369345,1.0,long,long,10,-3.1000000000000227,-0.08857142857142922,-9543.500000000005
2022-07-29 17:00:00,381.6,375.0,-6.600000000000023,0,0.3569556938540496,1.0,long,long,10,-71.00000000000023,-1.8605870020964421,-9614.500000000005
2022-07-29 18:00:00,393.0,393.11,0.1100000000000136,1,0.3063949962692053,0.0,short,short,10,-6.100000000000136,-0.15521628498728082,-9620.600000000006
2022-07-29 19:00:00,395.0,390.24,-4.759999999999991,0,0.24315444475435266,0.0,short,short,10,42.59999999999991,1.0784810126582256,-9578.000000000005
2022-07-29 20:00:00,365.15,363.92,-1.2299999999999611,0,0.24380546530211222,0.0,short,short,10,7.2999999999996135,0.19991784198273624,-9570.700000000006
2022-07-29 21:00:00,342.2,350.7,8.5,1,0.2596078784114787,0.0,short,short,10,-90.0,-2.630040911747516,-9660.700000000006
2022-07-29 22:00:00,285.0,265.0,-20.0,0,0.3239828965635976,1.0,long,long,10,-205.0,-7.192982456140351,-9865.700000000006
2022-07-29 23:00:00,292.2,319.94,27.74000000000001,1,0.31587038223546243,0.0,short,short,10,-282.4000000000001,-9.66461327857632,-10148.100000000006
2022-07-30 00:00:00,271.8,263.0,-8.800000000000011,0,0.43747975020520063,0.0,short,short,10,83.00000000000011,3.0537159676232566,-10065.100000000006
2022-07-30 01:00:00,259.2,260.0,0.8000000000000114,1,0.39806749969705296,1.0,long,long,10,3.0000000000001137,0.11574074074074513,-10062.100000000006
2022-07-30 02:00:00,241.25,236.91,-4.340000000000003,0,0.37951276934299205,0.0,short,short,10,38.400000000000034,1.591709844559587,-10023.700000000006
2022-07-30 03:00:00,226.7,223.03,-3.669999999999987,0,0.4546075661904742,0.0,short,short,10,31.699999999999875,1.3983237759153009,-9992.000000000005
2022-07-30 04:00:00,229.1,227.47,-1.6299999999999957,0,0.409747999186382,0.0,short,short,10,11.299999999999955,0.49323439546049563,-9980.700000000006
2022-07-30 05:00:00,233.0,232.59,-0.4099999999999966,0,0.40466244617192054,1.0,long,long,10,-9.099999999999966,-0.3905579399141616,-9989.800000000007
2022-07-30 06:00:00,247.6,260.0,12.400000000000006,1,0.37021613531158637,1.0,long,long,10,119.00000000000006,4.806138933764138,-9870.800000000007
2022-07-30 07:00:00,262.7,285.85,23.15000000000003,1,0.4240247225038694,0.0,short,short,10,-236.50000000000034,-9.002664636467467,-10107.300000000007
2022-07-30 08:00:00,289.0,291.85,2.8500000000000227,1,0.4746890313138433,0.0,short,short,10,-33.50000000000023,-1.1591695501730181,-10140.800000000007
2022-07-30 09:00:00,268.0,268.24,0.2400000000000091,1,0.44286771971211586,0.0,short,short,10,-7.400000000000091,-0.27611940298507803,-10148.200000000006
2022-07-30 10:00:00,249.8,243.05,-6.75,0,0.4971395971501255,0.0,short,short,10,62.5,2.502001601281025,-10085.700000000006
2022-07-30 11:00:00,240.0,232.28,-7.719999999999999,0,0.510469019607837,1.0,long,long,10,-82.19999999999999,-3.4249999999999994,-10167.900000000007
2022-07-30 12:00:00,230.0,219.01,-10.990000000000007,0,0.5391826096065093,1.0,long,long,10,-114.90000000000009,-4.995652173913047,-10282.800000000007
2022-07-30 13:00:00,217.43,215.06,-2.3700000000000045,0,0.5033701295926774,1.0,long,long,10,-28.700000000000045,-1.3199650462217745,-10311.500000000007
2022-07-30 14:00:00,226.62,220.95,-5.670000000000016,0,0.5426090804450777,0.0,short,short,10,51.70000000000016,2.281352043067698,-10259.800000000007
2022-07-30 15:00:00,225.7,232.52,6.820000000000022,1,0.5150023888736375,1.0,long,long,10,63.200000000000216,2.800177226406744,-10196.600000000006
2022-07-30 16:00:00,266.7,277.62,10.920000000000016,1,0.42900274553452244,1.0,long,long,10,104.20000000000016,3.9070116235470627,-10092.400000000005
2022-07-30 17:00:00,293.8,312.18,18.379999999999995,1,0.31335128469033446,0.0,short,short,10,-188.79999999999995,-6.426140231449965,-10281.200000000004
2022-07-30 18:00:00,310.0,342.6,32.60000000000002,1,0.361039349837016,1.0,long,long,10,321.0000000000002,10.354838709677427,-9960.200000000004
2022-07-30 19:00:00,323.9,344.61,20.710000000000036,1,0.3290163479138474,0.0,short,short,10,-212.10000000000036,-6.548317381908007,-10172.300000000005
2022-07-30 20:00:00,324.3,341.17,16.870000000000005,1,0.32833283442934824,0.0,short,short,10,-173.70000000000005,-5.356151711378354,-10346.000000000005
2022-07-30 21:00:00,331.8,346.56,14.759999999999993,1,0.3264621116480958,1.0,long,long,10,142.5999999999999,4.297769740807713,-10203.400000000005
2022-07-30 22:00:00,303.5,320.16,16.660000000000025,1,0.44701164264220583,0.0,short,short,10,-171.60000000000025,-5.654036243822084,-10375.000000000005
2022-07-30 23:00:00,291.0,294.65,3.6499999999999777,1,0.40117280644415276,1.0,long,long,10,31.499999999999773,1.0824742268041159,-10343.500000000005
2022-07-31 00:00:00,278.7,276.36,-2.339999999999975,0,0.5320194749757903,0.0,short,short,10,18.39999999999975,0.6602081090778525,-10325.100000000006
2022-07-31 01:00:00,249.4,254.38,4.97999999999999,1,0.5717005620215507,1.0,long,long,10,44.7999999999999,1.7963111467522013,-10280.300000000007
2022-07-31 02:00:00,240.7,244.76,4.060000000000002,1,0.5533808226187904,0.0,short,short,10,-45.60000000000002,-1.8944744495222277,-10325.900000000007
2022-07-31 03:00:00,229.5,241.89,12.389999999999986,1,0.5553889585972879,0.0,short,short,10,-128.89999999999986,-5.616557734204787,-10454.800000000007
2022-07-31 04:00:00,219.3,231.65,12.349999999999994,1,0.5415532498187321,0.0,short,short,10,-128.49999999999994,-5.859553123575009,-10583.300000000007
2022-07-31 05:00:00,215.0,229.51,14.509999999999993,1,0.542087556767808,0.0,short,short,10,-150.0999999999999,-6.981395348837205,-10733.400000000007
2022-07-31 06:00:00,230.0,230.09,0.0900000000000034,1,0.4947861875877916,1.0,long,long,10,-4.099999999999966,-0.17826086956521592,-10737.500000000007
2022-07-31 07:00:00,218.0,225.32,7.319999999999993,1,0.5195634216285089,1.0,long,long,10,68.19999999999993,3.1284403669724736,-10669.300000000007
2022-07-31 08:00:00,213.2,224.42,11.22,1,0.4690734678730573,1.0,long,long,10,107.19999999999999,5.028142589118198,-10562.100000000006
2022-07-31 09:00:00,216.0,215.91,-0.0900000000000034,0,0.5045524576541598,1.0,long,long,10,-5.900000000000034,-0.27314814814814975,-10568.000000000005
2022-07-31 10:00:00,221.5,210.48,-11.02000000000001,0,0.5215896446578603,0.0,short,short,10,105.2000000000001,4.749435665914226,-10462.800000000005
2022-07-31 11:00:00,229.5,211.36,-18.139999999999983,0,0.49568728587743094,0.0,short,short,10,176.39999999999986,7.686274509803916,-10286.400000000005
2022-07-31 12:00:00,219.35,200.09,-19.25999999999999,0,0.49504145700606694,0.0,short,short,10,187.5999999999999,8.552541600182353,-10098.800000000005
2022-07-31 13:00:00,197.9,194.49,-3.4099999999999966,0,0.47703691542523463,0.0,short,short,10,29.099999999999966,1.4704396159676585,-10069.700000000004
2022-07-31 14:00:00,197.65,198.55,0.9000000000000057,1,0.5316928438502564,0.0,short,short,10,-14.000000000000057,-0.708322792815586,-10083.700000000004
2022-07-31 15:00:00,206.0,204.95,-1.0500000000000114,0,0.5677862049167712,1.0,long,long,10,-15.500000000000114,-0.752427184466025,-10099.200000000004
2022-07-31 16:00:00,248.8,257.3,8.5,1,0.5096550488641209,1.0,long,long,10,80.0,3.215434083601286,-10019.200000000004
2022-07-31 17:00:00,297.65,300.21,2.5600000000000023,1,0.4880908916946747,1.0,long,long,10,20.600000000000023,0.6920880228456249,-9998.600000000004
2022-07-31 18:00:00,346.3,346.53,0.2299999999999613,1,0.4021237463588941,1.0,long,long,10,-2.7000000000003865,-0.07796708056599441,-10001.300000000005
2022-07-31 19:00:00,350.0,352.38,2.3799999999999955,1,0.4039030899983014,1.0,long,long,10,18.799999999999955,0.5371428571428558,-9982.500000000005
2022-07-31 20:00:00,342.1,357.01,14.909999999999968,1,0.45657806844188475,1.0,long,long,10,144.09999999999968,4.212218649517675,-9838.400000000005
2022-07-31 21:00:00,339.0,372.0,33.0,1,0.4636084719617182,1.0,long,long,10,325.0,9.587020648967552,-9513.400000000005
2022-07-31 22:00:00,290.9,338.0,47.10000000000002,1,0.5987725054530073,1.0,long,long,10,466.0000000000002,16.019250601581305,-9047.400000000005
2022-07-31 23:00:00,249.9,261.52,11.619999999999976,1,0.4625101435585549,1.0,long,long,10,111.19999999999976,4.449779911964776,-8936.200000000006
2022-08-01 00:00:00,229.8,268.49,38.69,1,0.4601211345168641,0.0,short,short,10,-391.9,-17.05395996518712,-9328.100000000006
2022-08-01 01:00:00,223.0,261.54,38.54000000000002,1,0.4727326995518417,1.0,long,long,10,380.4000000000002,17.05829596412557,-8947.700000000006
2022-08-01 02:00:00,226.7,258.13,31.430000000000007,1,0.46889358089282224,1.0,long,long,10,309.30000000000007,13.643581826202032,-8638.400000000007
2022-08-01 03:00:00,216.6,261.29,44.690000000000026,1,0.5254823661061935,1.0,long,long,10,441.90000000000026,20.40166204986151,-8196.500000000007
2022-08-01 04:00:00,230.0,267.61,37.610000000000014,1,0.49032871328249794,1.0,long,long,10,371.10000000000014,16.13478260869566,-7825.400000000007
2022-08-01 05:00:00,218.6,267.32,48.72,1,0.5368366205733286,1.0,long,long,10,482.2,22.058554437328453,-7343.200000000007
2022-08-01 06:00:00,306.0,320.34,14.339999999999977,1,0.44114514746247063,1.0,long,long,10,138.39999999999975,4.522875816993456,-7204.8000000000075
2022-08-01 07:00:00,342.5,375.2,32.69999999999999,1,0.5214057687595337,1.0,long,long,10,321.9999999999999,9.401459854014595,-6882.8000000000075
2022-08-01 08:00:00,363.1,368.76,5.659999999999968,1,0.5082651984258235,1.0,long,long,10,51.59999999999968,1.4210961167722302,-6831.200000000008
2022-08-01 09:00:00,334.0,349.05,15.050000000000011,1,0.5239315323915779,0.0,short,short,10,-155.5000000000001,-4.655688622754495,-6986.700000000008
2022-08-01 10:00:00,308.3,331.46,23.159999999999968,1,0.5356053723002518,0.0,short,short,10,-236.59999999999968,-7.674343172234826,-7223.3000000000075
2022-08-01 11:00:00,281.9,313.4,31.5,1,0.5826197785165357,0.0,short,short,10,-320.0,-11.35154310039021,-7543.3000000000075
2022-08-01 12:00:00,268.2,302.48,34.28000000000003,1,0.5794276234887764,0.0,short,short,10,-347.8000000000003,-12.967934377330362,-7891.100000000008
2022-08-01 13:00:00,237.0,272.13,35.129999999999995,1,0.5249084572174632,0.0,short,short,10,-356.29999999999995,-15.033755274261601,-8247.400000000007
2022-08-01 14:00:00,235.5,268.2,32.69999999999999,1,0.5184759519300742,1.0,long,long,10,321.9999999999999,13.673036093418254,-7925.400000000007
2022-08-01 15:00:00,263.5,290.35,26.850000000000023,1,0.4706562559012195,0.0,short,short,10,-273.5000000000002,-10.379506641366232,-8198.900000000007
2022-08-01 16:00:00,320.1,332.0,11.899999999999975,1,0.474855645109184,1.0,long,long,10,113.99999999999977,3.5613870665416987,-8084.900000000007
2022-08-01 17:00:00,349.8,352.29,2.490000000000009,1,0.42834921342373994,1.0,long,long,10,19.90000000000009,0.5688965122927413,-8065.000000000007
2022-08-01 18:00:00,378.0,362.17,-15.829999999999984,0,0.3760839128717976,1.0,long,long,10,-163.29999999999984,-4.320105820105816,-8228.300000000007
2022-08-01 19:00:00,356.0,348.06,-7.939999999999998,0,0.3411619091050302,1.0,long,long,10,-84.39999999999998,-2.370786516853932,-8312.700000000006
2022-08-01 20:00:00,315.0,314.0,-1.0,0,0.356147926404905,1.0,long,long,10,-15.0,-0.47619047619047616,-8327.700000000006
2022-08-01 21:00:00,266.0,241.4,-24.59999999999999,0,0.3967362423848315,1.0,long,long,10,-250.99999999999994,-9.436090225563907,-8578.700000000006
2022-08-01 22:00:00,181.0,184.99,3.990000000000009,1,0.4872015119449416,1.0,long,long,10,34.90000000000009,1.9281767955801155,-8543.800000000007
2022-08-01 23:00:00,236.7,274.95,38.25,1,0.28704683729921354,1.0,long,long,10,377.5,15.948457963667089,-8166.300000000007
2022-08-02 00:00:00,229.4,228.41,-0.9900000000000092,0,0.4176902432514656,1.0,long,long,10,-14.900000000000091,-0.6495204882301696,-8181.200000000006
2022-08-02 01:00:00,221.8,221.26,-0.5400000000000205,0,0.43980509722483363,1.0,long,long,10,-10.400000000000205,-0.4688908926961319,-8191.600000000007
2022-08-02 02:00:00,210.0,214.2,4.199999999999989,1,0.4535710392311881,1.0,long,long,10,36.999999999999886,1.7619047619047565,-8154.600000000007
2022-08-02 03:00:00,196.2,200.09,3.890000000000015,1,0.4815485496237798,1.0,long,long,10,33.90000000000015,1.7278287461773774,-8120.700000000006
2022-08-02 04:00:00,198.8,200.03,1.2299999999999898,1,0.45257559693517835,1.0,long,long,10,7.299999999999898,0.36720321931589023,-8113.400000000006
2022-08-02 05:00:00,201.6,200.04,-1.5600000000000025,0,0.48902976127717235,1.0,long,long,10,-20.600000000000023,-1.0218253968253979,-8134.000000000006
2022-08-02 06:00:00,225.5,220.17,-5.3300000000000125,0,0.4530768769013016,1.0,long,long,10,-58.300000000000125,-2.5853658536585424,-8192.300000000007
2022-08-02 07:00:00,254.4,238.42,-15.980000000000018,0,0.4842219956559376,1.0,long,long,10,-164.80000000000018,-6.477987421383655,-8357.100000000006
2022-08-02 08:00:00,285.6,305.01,19.409999999999968,1,0.4444981770692579,1.0,long,long,10,189.09999999999968,6.621148459383742,-8168.000000000006
2022-08-02 09:00:00,263.2,279.21,16.00999999999999,1,0.40041526408067707,1.0,long,long,10,155.0999999999999,5.89285714285714,-8012.900000000007
2022-08-02 10:00:00,234.0,235.31,1.3100000000000025,1,0.4899701434184251,1.0,long,long,10,8.100000000000023,0.34615384615384714,-8004.800000000007
2022-08-02 11:00:00,211.0,205.93,-5.069999999999993,0,0.4847144530540779,1.0,long,long,10,-55.69999999999993,-2.639810426540281,-8060.500000000006
2022-08-02 12:00:00,197.0,195.51,-1.490000000000009,0,0.5408758621973574,1.0,long,long,10,-19.90000000000009,-1.010152284263964,-8080.400000000007
2022-08-02 13:00:00,186.1,188.06,1.960000000000008,1,0.5513523844624688,1.0,long,long,10,14.60000000000008,0.7845244492208533,-8065.800000000007
2022-08-02 14:00:00,185.0,189.92,4.9199999999999875,1,0.45828594020407265,1.0,long,long,10,44.199999999999875,2.389189189189182,-8021.600000000007
2022-08-02 15:00:00,195.0,194.14,-0.8600000000000136,0,0.4989785985129933,1.0,long,long,10,-13.600000000000136,-0.6974358974359044,-8035.200000000007
2022-08-02 16:00:00,241.0,230.56,-10.439999999999998,0,0.41643977244146246,1.0,long,long,10,-109.39999999999998,-4.539419087136928,-8144.600000000007
2022-08-02 17:00:00,275.1,267.68,-7.420000000000016,0,0.37660014661402713,1.0,long,long,10,-79.20000000000016,-2.8789531079607475,-8223.800000000007
2022-08-02 18:00:00,290.0,278.01,-11.990000000000007,0,0.3452064856948909,0.0,short,short,10,114.90000000000009,3.9620689655172443,-8108.900000000007
2022-08-02 19:00:00,285.0,279.38,-5.6200000000000045,0,0.3208063303710298,0.0,short,short,10,51.200000000000045,1.796491228070177,-8057.700000000007
2022-08-02 20:00:00,277.8,274.94,-2.8600000000000136,0,0.29839093643691045,0.0,short,short,10,23.600000000000136,0.84953203743701,-8034.100000000007
2022-08-02 21:00:00,255.0,260.04,5.0400000000000205,1,0.4015698132170698,0.0,short,short,10,-55.400000000000205,-2.172549019607851,-8089.500000000007
2022-08-02 22:00:00,218.0,188.09,-29.909999999999997,0,0.5258245690563647,1.0,long,long,10,-304.09999999999997,-13.949541284403669,-8393.600000000008
2022-08-02 23:00:00,214.0,209.93,-4.069999999999993,0,0.437218662625371,1.0,long,long,10,-45.69999999999993,-2.1355140186915853,-8439.300000000008
2022-08-03 00:00:00,195.0,211.6,16.599999999999994,1,0.2698188500051397,0.0,short,short,10,-170.99999999999994,-8.769230769230765,-8610.300000000008
2022-08-03 01:00:00,188.7,196.36,7.660000000000025,1,0.29218649460945245,0.0,short,short,10,-81.60000000000025,-4.324324324324338,-8691.900000000009
2022-08-03 02:00:00,182.2,185.53,3.3300000000000125,1,0.2854169663776407,1.0,long,long,10,28.300000000000125,1.553238199780468,-8663.60000000001
2022-08-03 03:00:00,182.7,182.88,0.1800000000000068,1,0.30473995311966967,1.0,long,long,10,-3.199999999999932,-0.17515051997810246,-8666.80000000001
2022-08-03 04:00:00,182.9,179.9,-3.0,0,0.29645386885602387,1.0,long,long,10,-35.0,-1.913613996719519,-8701.80000000001
2022-08-03 05:00:00,185.9,189.73,3.829999999999984,1,0.3059757616202096,0.0,short,short,10,-43.29999999999984,-2.3292092522861667,-8745.10000000001
2022-08-03 06:00:00,222.0,207.51,-14.490000000000007,0,0.27065742371250534,0.0,short,short,10,139.9000000000001,6.301801801801806,-8605.20000000001
2022-08-03 07:00:00,240.0,226.25,-13.75,0,0.2666139516163364,0.0,short,short,10,132.5,5.520833333333333,-8472.70000000001
2022-08-03 08:00:00,266.7,276.93,10.230000000000018,1,0.3066495210264663,1.0,long,long,10,97.30000000000018,3.6482939632546,-8375.400000000009
2022-08-03 09:00:00,230.0,229.74,-0.2599999999999909,0,0.2909065814903725,1.0,long,long,10,-7.599999999999909,-0.3304347826086917,-8383.00000000001
2022-08-03 10:00:00,197.2,197.77,0.5700000000000216,1,0.33729997189763117,1.0,long,long,10,0.700000000000216,0.03549695740366207,-8382.300000000008
2022-08-03 11:00:00,190.0,186.65,-3.3499999999999943,0,0.31801998373131823,0.0,short,short,10,28.499999999999943,1.4999999999999971,-8353.800000000008
2022-08-03 12:00:00,185.0,183.59,-1.4099999999999966,0,0.3647879493183961,0.0,short,short,10,9.099999999999966,0.49189189189189003,-8344.700000000008
2022-08-03 13:00:00,189.0,192.31,3.3100000000000023,1,0.34817789990729153,1.0,long,long,10,28.100000000000023,1.486772486772488,-8316.600000000008
2022-08-03 14:00:00,192.8,208.03,15.22999999999999,1,0.3657710738544375,1.0,long,long,10,147.2999999999999,7.640041493775928,-8169.3000000000075
2022-08-03 15:00:00,205.3,214.48,9.179999999999978,1,0.4127296187607818,0.0,short,short,10,-96.79999999999978,-4.715051144666331,-8266.100000000008
2022-08-03 16:00:00,236.0,245.21,9.210000000000008,1,0.36556305483619544,0.0,short,short,10,-97.10000000000008,-4.11440677966102,-8363.200000000008
2022-08-03 17:00:00,284.0,321.0,37.0,1,0.3012420874015536,0.0,short,short,10,-375.0,-13.204225352112676,-8738.200000000008
2022-08-03 18:00:00,320.3,359.93,39.629999999999995,1,0.3210706086059327,0.0,short,short,10,-401.29999999999995,-12.52887917577271,-9139.500000000007
2022-08-03 19:00:00,360.0,379.41,19.410000000000025,1,0.26609652545613793,0.0,short,short,10,-199.10000000000025,-5.530555555555563,-9338.600000000008
2022-08-03 20:00:00,358.4,382.42,24.02000000000004,1,0.2838531010067318,0.0,short,short,10,-245.2000000000004,-6.841517857142868,-9583.800000000008
2022-08-03 21:00:00,360.4,388.79,28.390000000000043,1,0.2886481853313006,1.0,long,long,10,278.90000000000043,7.73862375138736,-9304.900000000009
2022-08-03 22:00:00,314.4,343.16,28.760000000000048,1,0.3856083340656982,0.0,short,short,10,-292.6000000000005,-9.30661577608144,-9597.50000000001
2022-08-03 23:00:00,274.0,293.07,19.069999999999993,1,0.3337276265085563,0.0,short,short,10,-195.69999999999993,-7.142335766423355,-9793.20000000001
2022-08-04 00:00:00,245.0,263.44,18.44,1,0.6047917194529526,1.0,long,long,10,179.39999999999998,7.322448979591835,-9613.80000000001
2022-08-04 01:00:00,230.0,245.0,15.0,1,0.5717093998042847,1.0,long,long,10,145.0,6.304347826086956,-9468.80000000001
2022-08-04 02:00:00,217.0,225.65,8.650000000000006,1,0.5837960712552195,1.0,long,long,10,81.50000000000006,3.755760368663597,-9387.30000000001
2022-08-04 03:00:00,208.4,210.09,1.6899999999999975,1,0.5957738921010958,1.0,long,long,10,11.899999999999977,0.5710172744721678,-9375.40000000001
2022-08-04 04:00:00,207.7,210.08,2.380000000000024,1,0.5935446581083841,0.0,short,short,10,-28.80000000000024,-1.3866153105440653,-9404.200000000012
2022-08-04 05:00:00,215.0,212.02,-2.9799999999999898,0,0.5950378262823939,1.0,long,long,10,-34.7999999999999,-1.618604651162786,-9439.000000000011
2022-08-04 06:00:00,255.9,271.05,15.150000000000006,1,0.5385171945914176,0.0,short,short,10,-156.50000000000006,-6.115670183665497,-9595.500000000011
2022-08-04 07:00:00,318.0,330.7,12.699999999999989,1,0.5586704830932265,0.0,short,short,10,-131.9999999999999,-4.1509433962264115,-9727.500000000011
2022-08-04 08:00:00,308.43,315.59,7.159999999999968,1,0.5531185840216468,1.0,long,long,10,66.59999999999968,2.159323023052222,-9660.90000000001
2022-08-04 09:00:00,254.2,254.08,-0.1199999999999761,0,0.5589069410877836,0.0,short,short,10,-3.8000000000002387,-0.14948859166011955,-9664.700000000012
2022-08-04 10:00:00,226.0,217.75,-8.25,0,0.630261523343925,1.0,long,long,10,-87.5,-3.8716814159292037,-9752.200000000012
2022-08-04 11:00:00,209.8,200.06,-9.740000000000007,0,0.6500430232098668,0.0,short,short,10,92.40000000000009,4.404194470924694,-9659.800000000012
2022-08-04 12:00:00,207.08,200.02,-7.060000000000002,0,0.6466277780921279,0.0,short,short,10,65.60000000000002,3.167857832721654,-9594.200000000012
2022-08-04 13:00:00,201.0,195.06,-5.939999999999998,0,0.6898979921275649,1.0,long,long,10,-64.39999999999998,-3.2039800995024867,-9658.600000000011
2022-08-04 14:00:00,199.0,197.59,-1.4099999999999966,0,0.6666067725948367,1.0,long,long,10,-19.099999999999966,-0.9597989949748726,-9677.700000000012
2022-08-04 15:00:00,212.7,212.6,-0.0999999999999943,0,0.6327811667412631,1.0,long,long,10,-5.999999999999943,-0.282087447108601,-9683.700000000012
2022-08-04 16:00:00,261.6,270.49,8.889999999999986,1,0.5698917013830775,1.0,long,long,10,83.89999999999986,3.2071865443425023,-9599.800000000012
2022-08-04 17:00:00,314.0,311.83,-2.170000000000016,0,0.527307587723419,1.0,long,long,10,-26.70000000000016,-0.8503184713375846,-9626.500000000013
2022-08-04 18:00:00,345.0,337.27,-7.730000000000018,0,0.4966993484698379,1.0,long,long,10,-82.30000000000018,-2.3855072463768168,-9708.800000000014
2022-08-04 19:00:00,360.0,337.41,-22.589999999999975,0,0.4521979129080428,1.0,long,long,10,-230.89999999999975,-6.413888888888882,-9939.700000000013
2022-08-04 20:00:00,357.5,337.0,-20.5,0,0.48120327159321974,1.0,long,long,10,-210.0,-5.874125874125874,-10149.700000000013
2022-08-04 21:00:00,348.5,339.53,-8.970000000000027,0,0.4656929078524582,1.0,long,long,10,-94.70000000000027,-2.7173601147776263,-10244.400000000014
2022-08-04 22:00:00,314.0,295.01,-18.99000000000001,0,0.5797146628558283,1.0,long,long,10,-194.9000000000001,-6.207006369426754,-10439.300000000014
2022-08-04 23:00:00,290.0,302.99,12.990000000000007,1,0.4844704822597844,1.0,long,long,10,124.90000000000009,4.306896551724141,-10314.400000000014
2022-08-05 00:00:00,262.1,267.65,5.5499999999999545,1,0.5056025897385621,1.0,long,long,10,50.499999999999545,1.9267455169782353,-10263.900000000014
2022-08-05 01:00:00,254.8,260.27,5.46999999999997,1,0.5557106632193921,1.0,long,long,10,49.699999999999704,1.9505494505494392,-10214.200000000015
2022-08-05 02:00:00,239.65,234.71,-4.939999999999998,0,0.5647538559339123,1.0,long,long,10,-54.39999999999998,-2.269977049864385,-10268.600000000015
2022-08-05 03:00:00,237.3,228.98,-8.320000000000022,0,0.5981969371124132,1.0,long,long,10,-88.20000000000022,-3.7168141592920447,-10356.800000000016
2022-08-05 04:00:00,231.9,228.0,-3.9000000000000057,0,0.5687726585729687,1.0,long,long,10,-44.00000000000006,-1.8973695558430381,-10400.800000000016
2022-08-05 05:00:00,234.9,228.98,-5.920000000000016,0,0.5614416803322891,0.0,short,short,10,54.20000000000016,2.3073648361004753,-10346.600000000015
2022-08-05 06:00:00,269.6,272.93,3.329999999999984,1,0.4653352278310971,1.0,long,long,10,28.29999999999984,1.0497032640949495,-10318.300000000016
2022-08-05 07:00:00,322.0,380.0,58.0,1,0.44993142289197324,1.0,long,long,10,575.0,17.857142857142858,-9743.300000000016
2022-08-05 08:00:00,332.4,358.79,26.390000000000043,1,0.4423156186744913,1.0,long,long,10,258.90000000000043,7.788808664259941,-9484.400000000016
2022-08-05 09:00:00,292.7,328.9,36.19999999999999,1,0.49252599982577516,0.0,short,short,10,-366.9999999999999,-12.538435257943283,-9851.400000000016
2022-08-05 10:00:00,245.0,264.56,19.56,1,0.513474300024927,0.0,short,short,10,-200.60000000000002,-8.187755102040818,-10052.000000000016
2022-08-05 11:00:00,229.48,246.49,17.01000000000002,1,0.5382094358669223,0.0,short,short,10,-175.1000000000002,-7.630294579048292,-10227.100000000017
2022-08-05 12:00:00,222.03,228.98,6.949999999999989,1,0.5874454552623138,0.0,short,short,10,-74.49999999999989,-3.3554024230959727,-10301.600000000017
2022-08-05 13:00:00,217.38,222.01,4.6299999999999955,1,0.6162509449238798,0.0,short,short,10,-51.299999999999955,-2.3599227159812286,-10352.900000000016
2022-08-05 14:00:00,219.0,217.1,-1.9000000000000057,0,0.6145228889085057,0.0,short,short,10,14.000000000000057,0.6392694063926967,-10338.900000000016
2022-08-05 15:00:00,225.0,220.0,-5.0,0,0.6077995221241551,0.0,short,short,10,45.0,2.0,-10293.900000000016
2022-08-05 16:00:00,256.6,232.46,-24.140000000000015,0,0.5786854109754651,1.0,long,long,10,-246.40000000000015,-9.602494154325804,-10540.300000000016
2022-08-05 17:00:00,304.4,303.84,-0.5600000000000023,0,0.4897497593160423,0.0,short,short,10,0.6000000000000227,0.019710906701709024,-10539.700000000015
2022-08-05 18:00:00,330.5,325.95,-4.550000000000011,0,0.40117186932377086,0.0,short,short,10,40.500000000000114,1.2254160363086268,-10499.200000000015
2022-08-05 19:00:00,351.2,345.57,-5.6299999999999955,0,0.40981136638594245,0.0,short,short,10,51.299999999999955,1.4607061503416843,-10447.900000000016
2022-08-05 20:00:00,336.0,336.71,0.7099999999999795,1,0.4177036957049922,0.0,short,short,10,-12.099999999999795,-0.3601190476190415,-10460.000000000016
2022-08-05 21:00:00,333.83,341.8,7.970000000000027,1,0.4931307234587817,0.0,short,short,10,-84.70000000000027,-2.5372195428811155,-10544.700000000017
2022-08-05 22:00:00,295.0,289.52,-5.480000000000018,0,0.5645099112956591,0.0,short,short,10,49.80000000000018,1.6881355932203452,-10494.900000000016
2022-08-05 23:00:00,305.2,306.94,1.740000000000009,1,0.48514012676508955,1.0,long,long,10,12.400000000000091,0.4062909567496753,-10482.500000000016
2022-08-06 00:00:00,269.0,264.0,-5.0,0,0.368890411606581,1.0,long,long,10,-55.0,-2.0446096654275094,-10537.500000000016
2022-08-06 01:00:00,259.9,249.44,-10.45999999999998,0,0.4493765071414045,1.0,long,long,10,-109.5999999999998,-4.217006540977291,-10647.100000000017
2022-08-06 02:00:00,244.6,233.77,-10.829999999999984,0,0.4173635196000146,0.0,short,short,10,103.29999999999984,4.22322158626328,-10543.800000000017
2022-08-06 03:00:00,236.9,226.72,-10.180000000000009,0,0.4115651926448817,0.0,short,short,10,96.80000000000007,4.086112283663996,-10447.000000000018
2022-08-06 04:00:00,233.3,227.17,-6.130000000000024,0,0.39423178604963155,0.0,short,short,10,56.30000000000024,2.413201885983722,-10390.700000000017
2022-08-06 05:00:00,226.0,228.96,2.960000000000008,1,0.4616504025678528,0.0,short,short,10,-34.60000000000008,-1.5309734513274373,-10425.300000000017
2022-08-06 06:00:00,249.6,254.17,4.569999999999993,1,0.42876342504281617,1.0,long,long,10,40.69999999999993,1.6306089743589716,-10384.600000000017
2022-08-06 07:00:00,274.9,277.28,2.3799999999999955,1,0.329063133951079,1.0,long,long,10,18.799999999999955,0.6838850491087651,-10365.800000000017
2022-08-06 08:00:00,273.2,284.32,11.120000000000005,1,0.34431902863017444,1.0,long,long,10,106.20000000000005,3.887262079062959,-10259.600000000017
2022-08-06 09:00:00,240.6,254.73,14.129999999999995,1,0.34294701130933286,1.0,long,long,10,136.29999999999995,5.665004156275975,-10123.300000000017
2022-08-06 10:00:00,224.2,239.04,14.840000000000003,1,0.3866716076950252,1.0,long,long,10,143.40000000000003,6.396074933095452,-9979.900000000018
2022-08-06 11:00:00,220.2,230.62,10.420000000000016,1,0.4293198998907884,1.0,long,long,10,99.20000000000016,4.50499545867394,-9880.700000000017
2022-08-06 12:00:00,207.9,216.23,8.329999999999984,1,0.4522775931230038,1.0,long,long,10,78.29999999999984,3.7662337662337584,-9802.400000000018
2022-08-06 13:00:00,194.0,208.7,14.699999999999989,1,0.44053133599627914,1.0,long,long,10,141.9999999999999,7.319587628865974,-9660.400000000018
2022-08-06 14:00:00,183.28,199.99,16.710000000000008,1,0.3831852466354203,0.0,short,short,10,-172.10000000000008,-9.390004364906158,-9832.500000000018
2022-08-06 15:00:00,185.0,199.33,14.330000000000013,1,0.453625743097589,0.0,short,short,10,-148.30000000000013,-8.016216216216224,-9980.800000000017
2022-08-06 16:00:00,218.0,216.65,-1.3499999999999943,0,0.4246760101309502,0.0,short,short,10,8.499999999999943,0.38990825688073133,-9972.300000000017
2022-08-06 17:00:00,283.5,268.28,-15.220000000000027,0,0.33426884667503975,0.0,short,short,10,147.20000000000027,5.192239858906535,-9825.100000000017
2022-08-06 18:00:00,319.1,309.01,-10.090000000000032,0,0.31106645689852985,0.0,short,short,10,95.90000000000032,3.0053274835474877,-9729.200000000017
2022-08-06 19:00:00,334.7,324.27,-10.430000000000009,0,0.2542208835827634,0.0,short,short,10,99.30000000000007,2.9668359725127003,-9629.900000000018
2022-08-06 20:00:00,322.8,320.45,-2.3500000000000227,0,0.2748065882130736,1.0,long,long,10,-28.500000000000227,-0.8828996282527951,-9658.400000000018
2022-08-06 21:00:00,316.0,315.15,-0.8500000000000227,0,0.32800160853983973,1.0,long,long,10,-13.500000000000227,-0.42721518987342494,-9671.900000000018
2022-08-06 22:00:00,300.0,260.26,-39.74000000000001,0,0.33116194102779495,0.0,short,short,10,392.4000000000001,13.080000000000002,-9279.500000000018
2022-08-06 23:00:00,271.25,267.8,-3.4499999999999886,0,0.41393223978756694,1.0,long,long,10,-39.499999999999886,-1.456221198156678,-9319.000000000018
2022-08-07 00:00:00,245.0,228.01,-16.99000000000001,0,0.3593076922786088,0.0,short,short,10,164.9000000000001,6.730612244897962,-9154.100000000019
2022-08-07 01:00:00,238.0,211.41,-26.590000000000003,0,0.3873824737263168,0.0,short,short,10,260.90000000000003,10.962184873949582,-8893.200000000019
2022-08-07 02:00:00,227.1,214.48,-12.620000000000005,0,0.37293804169842326,0.0,short,short,10,121.20000000000005,5.336856010568034,-8772.000000000018
2022-08-07 03:00:00,215.0,202.57,-12.430000000000009,0,0.37501517949363133,0.0,short,short,10,119.30000000000007,5.548837209302329,-8652.700000000019
2022-08-07 04:00:00,212.5,208.18,-4.319999999999993,0,0.3894667989094521,0.0,short,short,10,38.19999999999993,1.7976470588235263,-8614.500000000018
2022-08-07 05:00:00,208.5,209.1,0.5999999999999943,1,0.390123982092082,1.0,long,long,10,0.9999999999999432,0.04796163069544092,-8613.500000000018
2022-08-07 06:00:00,211.4,210.4,-1.0,0,0.3924047803093518,1.0,long,long,10,-15.0,-0.7095553453169348,-8628.500000000018
2022-08-07 07:00:00,200.0,195.47,-4.530000000000001,0,0.40114655410029915,1.0,long,long,10,-50.30000000000001,-2.5150000000000006,-8678.800000000017
2022-08-07 08:00:00,196.0,188.82,-7.180000000000007,0,0.40315864270132357,1.0,long,long,10,-76.80000000000007,-3.9183673469387794,-8755.600000000017
2022-08-07 09:00:00,192.4,191.4,-1.0,0,0.4214418886106134,1.0,long,long,10,-15.0,-0.7796257796257796,-8770.600000000017
2022-08-07 10:00:00,187.6,189.91,2.3100000000000023,1,0.42773738512266785,1.0,long,long,10,18.100000000000023,0.9648187633262272,-8752.500000000016
2022-08-07 11:00:00,191.0,193.31,2.3100000000000023,1,0.47185838507247674,1.0,long,long,10,18.100000000000023,0.9476439790575928,-8734.400000000016
2022-08-07 12:00:00,190.35,195.39,5.039999999999992,1,0.4393147647862754,1.0,long,long,10,45.39999999999992,2.385080115576565,-8689.000000000016
2022-08-07 13:00:00,183.1,189.94,6.840000000000003,1,0.46119152998100865,1.0,long,long,10,63.400000000000034,3.462588749317315,-8625.600000000017
2022-08-07 14:00:00,183.1,195.02,11.920000000000016,1,0.47605643325175917,1.0,long,long,10,114.20000000000016,6.237028945931194,-8511.400000000016
2022-08-07 15:00:00,178.0,172.7,-5.300000000000011,0,0.5250493575665305,1.0,long,long,10,-58.000000000000114,-3.258426966292141,-8569.400000000016
2022-08-07 16:00:00,215.4,200.94,-14.460000000000008,0,0.5078112008077909,0.0,short,short,10,139.60000000000008,6.480965645311053,-8429.800000000016
2022-08-07 17:00:00,288.6,269.14,-19.460000000000036,0,0.47634388857411814,0.0,short,short,10,189.60000000000036,6.569646569646582,-8240.200000000015
2022-08-07 18:00:00,333.0,317.0,-16.0,0,0.42809740526119633,0.0,short,short,10,155.0,4.654654654654655,-8085.200000000015
2022-08-07 19:00:00,337.66,324.1,-13.560000000000002,0,0.4164610370428296,0.0,short,short,10,130.60000000000002,3.867796007818516,-7954.600000000015
2022-08-07 20:00:00,333.0,326.62,-6.3799999999999955,0,0.36920484299463596,0.0,short,short,10,58.799999999999955,1.7657657657657644,-7895.800000000015
2022-08-07 21:00:00,331.77,324.99,-6.779999999999973,0,0.3556576000545929,0.0,short,short,10,62.79999999999973,1.8928775959248796,-7833.000000000015
2022-08-07 22:00:00,295.16,287.16,-8.0,0,0.41423567607663536,0.0,short,short,10,75.0,2.540994714730993,-7758.000000000015
2022-08-07 23:00:00,255.4,241.65,-13.75,0,0.47914824396243516,0.0,short,short,10,132.5,5.187940485512921,-7625.500000000015
2022-08-08 00:00:00,227.1,219.94,-7.159999999999997,0,0.3041645481600517,0.0,short,short,10,66.59999999999997,2.932628797886392,-7558.900000000014
2022-08-08 01:00:00,220.0,212.58,-7.4199999999999875,0,0.31569483414108584,0.0,short,short,10,69.19999999999987,3.1454545454545397,-7489.700000000014
2022-08-08 02:00:00,208.0,199.92,-8.080000000000013,0,0.3314424879675602,0.0,short,short,10,75.80000000000013,3.6442307692307754,-7413.900000000014
2022-08-08 03:00:00,213.8,199.97,-13.830000000000013,0,0.35783643869238146,0.0,short,short,10,133.30000000000013,6.234798877455572,-7280.600000000014
2022-08-08 04:00:00,220.0,228.81,8.810000000000002,1,0.3329753277107451,0.0,short,short,10,-93.10000000000002,-4.231818181818182,-7373.700000000014
2022-08-08 05:00:00,239.0,239.0,0.0,0,0.2742810515776763,1.0,long,long,10,-5.0,-0.20920502092050208,-7378.700000000014
2022-08-08 06:00:00,269.2,277.56,8.360000000000014,1,0.24170549025857632,0.0,short,short,10,-88.60000000000014,-3.291233283803869,-7467.300000000015
2022-08-08 07:00:00,315.8,337.03,21.22999999999996,1,0.33177624494668323,0.0,short,short,10,-217.2999999999996,-6.880937302089918,-7684.600000000014
2022-08-08 08:00:00,323.3,314.46,-8.840000000000032,0,0.35774794962765255,0.0,short,short,10,83.40000000000032,2.5796473863284977,-7601.2000000000135
2022-08-08 09:00:00,281.1,271.13,-9.970000000000027,0,0.37612094073348723,0.0,short,short,10,94.70000000000027,3.368907861970839,-7506.500000000013
2022-08-08 10:00:00,258.2,236.77,-21.42999999999998,0,0.3952132122681952,1.0,long,long,10,-219.29999999999978,-8.493415956622764,-7725.800000000013
2022-08-08 11:00:00,248.3,225.1,-23.200000000000017,0,0.4593225443734991,1.0,long,long,10,-237.00000000000017,-9.544905356423689,-7962.800000000013
2022-08-08 12:00:00,246.3,227.62,-18.680000000000007,0,0.4401614121633522,1.0,long,long,10,-191.80000000000007,-7.787251319529033,-8154.600000000013
2022-08-08 13:00:00,242.0,236.61,-5.389999999999986,0,0.4344186999576868,1.0,long,long,10,-58.899999999999864,-2.4338842975206556,-8213.500000000013
2022-08-08 14:00:00,245.0,243.63,-1.3700000000000043,0,0.50406268635864,1.0,long,long,10,-18.700000000000045,-0.7632653061224508,-8232.200000000013
2022-08-08 15:00:00,266.0,267.16,1.160000000000025,1,0.4624728731400124,0.0,short,short,10,-16.60000000000025,-0.6240601503759493,-8248.800000000014
2022-08-08 16:00:00,316.8,324.9,8.099999999999966,1,0.46846380807226773,0.0,short,short,10,-85.99999999999966,-2.714646464646454,-8334.800000000014
2022-08-08 17:00:00,373.93,374.29,0.3600000000000136,1,0.429343257542391,0.0,short,short,10,-8.600000000000136,-0.22998957024042296,-8343.400000000014
2022-08-08 18:00:00,408.5,405.8,-2.6999999999999886,0,0.3641586099575226,0.0,short,short,10,21.999999999999886,0.5385556915544648,-8321.400000000014
2022-08-08 19:00:00,395.2,394.98,-0.2199999999999704,0,0.29760465230878175,0.0,short,short,10,-2.8000000000002956,-0.07085020242915728,-8324.200000000015
2022-08-08 20:00:00,371.0,366.37,-4.6299999999999955,0,0.32240011863905393,0.0,short,short,10,41.299999999999955,1.1132075471698102,-8282.900000000016
2022-08-08 21:00:00,351.6,351.36,-0.2400000000000091,0,0.3225339850178569,0.0,short,short,10,-2.599999999999909,-0.07394766780432051,-8285.500000000016
2022-08-08 22:00:00,297.4,306.39,8.990000000000009,1,0.33797645044272967,0.0,short,short,10,-94.90000000000009,-3.1909885675857463,-8380.400000000016
2022-08-08 23:00:00,276.6,276.03,-0.57000000000005,0,0.320553424803909,0.0,short,short,10,0.7000000000005002,0.02530730296458786,-8379.700000000015
2022-08-09 00:00:00,247.9,247.97,0.0699999999999931,1,0.4574671135425295,0.0,short,short,10,-5.699999999999932,-0.22993142396127195,-8385.400000000016
2022-08-09 01:00:00,237.52,245.55,8.030000000000001,1,0.518516197728935,0.0,short,short,10,-85.30000000000001,-3.591276524082183,-8470.700000000015
2022-08-09 02:00:00,228.5,236.23,7.72999999999999,1,0.5731546910742618,0.0,short,short,10,-82.2999999999999,-3.601750547045947,-8553.000000000015
2022-08-09 03:00:00,227.47,231.24,3.7700000000000102,1,0.5968822841448216,0.0,short,short,10,-42.7000000000001,-1.8771706159053987,-8595.700000000015
2022-08-09 04:00:00,233.0,244.01,11.009999999999993,1,0.5890548805415139,1.0,long,long,10,105.09999999999991,4.5107296137339015,-8490.600000000015
2022-08-09 05:00:00,244.6,245.0,0.4000000000000057,1,0.5457168766260402,0.0,short,short,10,-9.000000000000057,-0.3679476696647611,-8499.600000000015
2022-08-09 06:00:00,281.0,323.39,42.389999999999986,1,0.5281201687500312,1.0,long,long,10,418.89999999999986,14.907473309608536,-8080.700000000015
2022-08-09 07:00:00,352.5,343.5,-9.0,0,0.47776480984301084,1.0,long,long,10,-95.0,-2.6950354609929077,-8175.700000000015
2022-08-09 08:00:00,332.5,329.17,-3.329999999999984,0,0.48914870207158595,0.0,short,short,10,28.29999999999984,0.8511278195488674,-8147.400000000015
2022-08-09 09:00:00,289.02,297.1,8.080000000000041,1,0.5519522928625803,0.0,short,short,10,-85.80000000000041,-2.968652688395281,-8233.200000000015
2022-08-09 10:00:00,250.4,265.97,15.570000000000022,1,0.6094038621633849,0.0,short,short,10,-160.70000000000022,-6.41773162939298,-8393.900000000016
2022-08-09 11:00:00,240.2,241.56,1.3600000000000136,1,0.6187434908830857,0.0,short,short,10,-18.600000000000136,-0.7743547044129948,-8412.500000000016
2022-08-09 12:00:00,226.0,226.04,0.039999999999992,1,0.5842604941123418,0.0,short,short,10,-5.39999999999992,-0.23893805309734162,-8417.900000000016
2022-08-09 13:00:00,228.0,220.0,-8.0,0,0.5757170061156869,0.0,short,short,10,75.0,3.289473684210526,-8342.900000000016
2022-08-09 14:00:00,232.1,229.76,-2.3400000000000034,0,0.5677637464227296,0.0,short,short,10,18.400000000000034,0.7927617406290407,-8324.500000000016
2022-08-09 15:00:00,251.0,254.55,3.5500000000000114,1,0.5852300385925693,1.0,long,long,10,30.500000000000114,1.2151394422310802,-8294.000000000016
2022-08-09 16:00:00,294.6,298.7,4.099999999999966,1,0.5529716457699085,1.0,long,long,10,35.99999999999966,1.2219959266802327,-8258.000000000016
2022-08-09 17:00:00,342.0,355.1,13.100000000000025,1,0.49432984294689775,1.0,long,long,10,126.00000000000023,3.684210526315796,-8132.000000000016
2022-08-09 18:00:00,383.42,377.05,-6.3700000000000045,0,0.38971878558280004,0.0,short,short,10,58.700000000000045,1.5309582181419863,-8073.300000000017
2022-08-09 19:00:00,377.8,372.49,-5.310000000000002,0,0.37334738748099083,0.0,short,short,10,48.10000000000002,1.2731604023292753,-8025.200000000016
2022-08-09 20:00:00,360.0,359.36,-0.6399999999999864,0,0.412171483191141,0.0,short,short,10,1.3999999999998636,0.0388888888888851,-8023.800000000017
2022-08-09 21:00:00,344.17,343.36,-0.8100000000000023,0,0.42143202806359237,0.0,short,short,10,3.1000000000000227,0.09007176685940153,-8020.700000000016
2022-08-09 22:00:00,311.7,313.51,1.8100000000000025,1,0.4476062371892012,1.0,long,long,10,13.100000000000023,0.4202759063201804,-8007.600000000016
2022-08-09 23:00:00,256.5,259.35,2.8500000000000227,1,0.4340402000283915,0.0,short,short,10,-33.50000000000023,-1.3060428849902623,-8041.100000000016
2022-08-10 00:00:00,236.4,235.69,-0.710000000000008,0,0.5324350677729193,1.0,long,long,10,-12.10000000000008,-0.5118443316412893,-8053.200000000016
2022-08-10 01:00:00,239.0,236.0,-3.0,0,0.5789546208408255,1.0,long,long,10,-35.0,-1.4644351464435146,-8088.200000000016
2022-08-10 02:00:00,234.8,226.99,-7.810000000000002,0,0.6644998688146901,1.0,long,long,10,-83.10000000000002,-3.5391822827938677,-8171.300000000017
2022-08-10 03:00:00,239.0,229.07,-9.930000000000009,0,0.6681493970308882,1.0,long,long,10,-104.30000000000007,-4.364016736401677,-8275.600000000017
2022-08-10 04:00:00,248.0,242.47,-5.530000000000001,0,0.6623451510571466,1.0,long,long,10,-60.30000000000001,-2.431451612903226,-8335.900000000016
2022-08-10 05:00:00,250.0,249.99,-0.0099999999999909,0,0.6387634545385139,1.0,long,long,10,-5.099999999999909,-0.20399999999999635,-8341.000000000016
2022-08-10 06:00:00,301.0,289.22,-11.779999999999973,0,0.5907974925294388,1.0,long,long,10,-122.79999999999973,-4.079734219269094,-8463.800000000016
2022-08-10 07:00:00,341.0,320.93,-20.069999999999993,0,0.6494680134213173,0.0,short,short,10,195.69999999999993,5.739002932551317,-8268.100000000015
2022-08-10 08:00:00,322.0,307.33,-14.670000000000016,0,0.7202928396173445,0.0,short,short,10,141.70000000000016,4.4006211180124275,-8126.400000000015
2022-08-10 09:00:00,272.4,262.18,-10.21999999999997,0,0.6837345000787126,1.0,long,long,10,-107.1999999999997,-3.9353891336270084,-8233.600000000015
2022-08-10 10:00:00,245.0,238.59,-6.409999999999997,0,0.7111380591934295,1.0,long,long,10,-69.09999999999997,-2.820408163265305,-8302.700000000015
2022-08-10 11:00:00,234.8,226.71,-8.090000000000003,0,0.6673246810626021,1.0,long,long,10,-85.90000000000003,-3.6584327086882467,-8388.600000000015
2022-08-10 12:00:00,220.7,212.01,-8.689999999999998,0,0.6650141142865309,1.0,long,long,10,-91.89999999999998,-4.164023561395559,-8480.500000000015
2022-08-10 13:00:00,215.8,210.02,-5.780000000000001,0,0.68971109212818,0.0,short,short,10,52.80000000000001,2.4467099165894353,-8427.700000000015
2022-08-10 14:00:00,216.8,213.5,-3.3000000000000114,0,0.688931511144589,0.0,short,short,10,28.000000000000114,1.2915129151291564,-8399.700000000015
2022-08-10 15:00:00,235.8,230.02,-5.780000000000001,0,0.6845664945956691,1.0,long,long,10,-62.80000000000001,-2.663273960983885,-8462.500000000015
2022-08-10 16:00:00,282.0,281.58,-0.4200000000000159,0,0.6658635202197167,1.0,long,long,10,-9.20000000000016,-0.3262411347517787,-8471.700000000015
2022-08-10 17:00:00,339.6,344.39,4.789999999999964,1,0.5706664186143803,1.0,long,long,10,42.899999999999636,1.2632508833922154,-8428.800000000016
2022-08-10 18:00:00,379.2,384.99,5.7900000000000205,1,0.5292541928700332,0.0,short,short,10,-62.900000000000205,-1.6587552742616087,-8491.700000000015
2022-08-10 19:00:00,383.0,383.1,0.1000000000000227,1,0.4893881492473688,0.0,short,short,10,-6.000000000000227,-0.15665796344648114,-8497.700000000015
2022-08-10 20:00:00,357.4,352.01,-5.389999999999986,0,0.518258492101314,0.0,short,short,10,48.899999999999864,1.3682148852825926,-8448.800000000016
2022-08-10 21:00:00,336.0,331.0,-5.0,0,0.5806261523430507,0.0,short,short,10,45.0,1.3392857142857142,-8403.800000000016
2022-08-10 22:00:00,305.0,293.88,-11.120000000000005,0,0.5676251161673747,1.0,long,long,10,-116.20000000000005,-3.8098360655737715,-8520.000000000016
2022-08-10 23:00:00,254.8,259.69,4.889999999999986,1,0.5744799602539202,1.0,long,long,10,43.899999999999864,1.722919937205646,-8476.100000000017
2022-08-11 00:00:00,236.1,242.87,6.77000000000001,1,0.5754235978408617,0.0,short,short,10,-72.7000000000001,-3.079203727234227,-8548.800000000017
2022-08-11 01:00:00,236.0,247.0,11.0,1,0.5594394964118419,0.0,short,short,10,-115.0,-4.872881355932203,-8663.800000000017
2022-08-11 02:00:00,229.5,236.0,6.5,1,0.6433964085525073,0.0,short,short,10,-70.0,-3.0501089324618738,-8733.800000000017
2022-08-11 03:00:00,224.0,236.0,12.0,1,0.6542034131546732,0.0,short,short,10,-125.0,-5.580357142857143,-8858.800000000017
2022-08-11 04:00:00,227.6,248.73,21.129999999999995,1,0.6204028696630604,0.0,short,short,10,-216.29999999999995,-9.503514938488575,-9075.100000000017
2022-08-11 05:00:00,236.0,262.46,26.45999999999998,1,0.6346456769280224,0.0,short,short,10,-269.5999999999998,-11.423728813559313,-9344.700000000017
2022-08-11 06:00:00,290.3,302.39,12.089999999999977,1,0.6315747715768334,0.0,short,short,10,-125.89999999999975,-4.336892869445393,-9470.600000000017
2022-08-11 07:00:00,330.0,335.5,5.5,1,0.6476044812019438,0.0,short,short,10,-60.0,-1.8181818181818181,-9530.600000000017
2022-08-11 08:00:00,300.2,313.4,13.199999999999989,1,0.6771145106383558,0.0,short,short,10,-136.9999999999999,-4.563624250499664,-9667.600000000017
2022-08-11 09:00:00,264.5,269.47,4.970000000000027,1,0.6398624083192364,0.0,short,short,10,-54.70000000000027,-2.068052930056721,-9722.300000000017
2022-08-11 10:00:00,246.0,245.36,-0.6399999999999864,0,0.7125195326555258,0.0,short,short,10,1.3999999999998636,0.05691056910568551,-9720.900000000018
2022-08-11 11:00:00,236.0,245.81,9.810000000000002,1,0.6516618131741319,0.0,short,short,10,-103.10000000000002,-4.368644067796611,-9824.000000000018
2022-08-11 12:00:00,224.4,230.0,5.599999999999994,1,0.7030646286097068,0.0,short,short,10,-60.99999999999994,-2.7183600713012455,-9885.000000000018
2022-08-11 13:00:00,224.0,227.94,3.9399999999999977,1,0.7183720227756818,0.0,short,short,10,-44.39999999999998,-1.9821428571428563,-9929.400000000018
2022-08-11 14:00:00,236.0,240.07,4.069999999999993,1,0.7028056973305937,0.0,short,short,10,-45.69999999999993,-1.9364406779660985,-9975.100000000019
2022-08-11 15:00:00,248.7,265.18,16.480000000000018,1,0.6913013365434946,0.0,short,short,10,-169.80000000000018,-6.827503015681551,-10144.90000000002
2022-08-11 16:00:00,294.5,315.06,20.56,1,0.675034447623242,0.0,short,short,10,-210.60000000000002,-7.151103565365027,-10355.50000000002
2022-08-11 17:00:00,349.7,360.07,10.370000000000005,1,0.543468547969574,1.0,long,long,10,98.70000000000005,2.8224192164712623,-10256.80000000002
2022-08-11 18:00:00,380.6,397.78,17.17999999999995,1,0.5222665493925225,1.0,long,long,10,166.7999999999995,4.382553862322635,-10090.00000000002
2022-08-11 19:00:00,385.5,399.17,13.670000000000016,1,0.4574647197420924,1.0,long,long,10,131.70000000000016,3.416342412451366,-9958.30000000002
2022-08-11 20:00:00,353.9,369.09,15.189999999999998,1,0.47824253590874477,0.0,short,short,10,-156.89999999999998,-4.433455778468494,-10115.200000000019
2022-08-11 21:00:00,346.8,354.47,7.670000000000016,1,0.5949566651284344,0.0,short,short,10,-81.70000000000016,-2.355824682814307,-10196.90000000002
2022-08-11 22:00:00,299.8,309.46,9.659999999999968,1,0.5437440545108312,0.0,short,short,10,-101.59999999999968,-3.388925950633745,-10298.50000000002
2022-08-11 23:00:00,299.6,299.84,0.2399999999999522,1,0.5757962912227403,1.0,long,long,10,-2.6000000000004775,-0.0867823765020186,-10301.10000000002
2022-08-12 00:00:00,284.6,281.64,-2.9600000000000364,0,0.6733940567048939,1.0,long,long,10,-34.600000000000364,-1.2157413914265764,-10335.70000000002
2022-08-12 01:00:00,273.05,279.02,5.96999999999997,1,0.6472742042976378,1.0,long,long,10,54.699999999999704,2.0032960996154445,-10281.000000000022
2022-08-12 02:00:00,262.01,273.4,11.389999999999986,1,0.69497766469583,1.0,long,long,10,108.89999999999986,4.156329911072091,-10172.100000000022
2022-08-12 03:00:00,255.4,275.81,20.409999999999997,1,0.7074525542884673,1.0,long,long,10,199.09999999999997,7.795614722004697,-9973.000000000022
2022-08-12 04:00:00,270.3,294.01,23.70999999999998,1,0.7034102722958813,1.0,long,long,10,232.0999999999998,8.586755456899732,-9740.900000000021
2022-08-12 05:00:00,289.7,327.36,37.660000000000025,1,0.6217733062066901,1.0,long,long,10,371.60000000000025,12.827062478425965,-9369.300000000021
2022-08-12 06:00:00,345.34,374.73,29.390000000000043,1,0.6300322300951882,1.0,long,long,10,288.90000000000043,8.36566861643599,-9080.400000000021
2022-08-12 07:00:00,377.5,399.17,21.670000000000016,1,0.7107207611438182,1.0,long,long,10,211.70000000000016,5.607947019867553,-8868.70000000002
2022-08-12 08:00:00,363.0,371.34,8.339999999999975,1,0.727545765227859,1.0,long,long,10,78.39999999999975,2.159779614325062,-8790.300000000021
2022-08-12 09:00:00,328.5,338.82,10.319999999999991,1,0.720927247091028,1.0,long,long,10,98.19999999999993,2.989345509893453,-8692.10000000002
2022-08-12 10:00:00,301.0,315.26,14.259999999999993,1,0.7398904150120014,0.0,short,short,10,-147.5999999999999,-4.903654485049831,-8839.70000000002
2022-08-12 11:00:00,295.0,298.01,3.009999999999991,1,0.7136526962679914,1.0,long,long,10,25.09999999999991,0.8508474576271156,-8814.60000000002
2022-08-12 12:00:00,277.0,289.01,12.009999999999993,1,0.7217040325812634,1.0,long,long,10,115.09999999999991,4.155234657039708,-8699.50000000002
2022-08-12 13:00:00,270.4,284.0,13.600000000000025,1,0.7264621070269229,1.0,long,long,10,131.00000000000023,4.844674556213026,-8568.50000000002
2022-08-12 14:00:00,280.3,286.65,6.349999999999966,1,0.7038660821529117,1.0,long,long,10,58.49999999999966,2.087049589725282,-8510.00000000002
2022-08-12 15:00:00,299.0,309.22,10.220000000000027,1,0.7199293804889467,1.0,long,long,10,97.20000000000027,3.2508361204013467,-8412.80000000002
2022-08-12 16:00:00,354.8,360.42,5.6200000000000045,1,0.7063831231793473,1.0,long,long,10,51.200000000000045,1.4430665163472391,-8361.600000000019
2022-08-12 17:00:00,396.9,394.79,-2.109999999999957,0,0.6513003980748453,1.0,long,long,10,-26.099999999999568,-0.6575963718820753,-8387.700000000019
2022-08-12 18:00:00,424.6,431.81,7.2099999999999795,1,0.5479532489642245,1.0,long,long,10,67.0999999999998,1.5803108808290107,-8320.600000000019
2022-08-12 19:00:00,420.75,437.21,16.45999999999998,1,0.4600257809048483,1.0,long,long,10,159.5999999999998,3.793226381461671,-8161.000000000019
2022-08-12 20:00:00,392.4,403.93,11.53000000000003,1,0.5180886167918402,1.0,long,long,10,110.3000000000003,2.8109072375127497,-8050.700000000019
2022-08-12 21:00:00,375.8,386.08,10.279999999999973,1,0.5000403913057775,1.0,long,long,10,97.79999999999973,2.602448110697172,-7952.90000000002
2022-08-12 22:00:00,343.54,357.15,13.609999999999957,1,0.5733964318426913,1.0,long,long,10,131.09999999999957,3.8161495022413563,-7821.80000000002
2022-08-12 23:00:00,332.1,329.97,-2.1299999999999955,0,0.5809855043068572,1.0,long,long,10,-26.299999999999955,-0.791930141523636,-7848.10000000002
2022-08-13 00:00:00,308.0,304.92,-3.079999999999984,0,0.45756356054771896,0.0,short,short,10,25.79999999999984,0.8376623376623324,-7822.30000000002
2022-08-13 01:00:00,298.0,298.71,0.7099999999999795,1,0.44733657338448973,1.0,long,long,10,2.0999999999997954,0.07046979865771126,-7820.200000000021
2022-08-13 02:00:00,286.0,288.98,2.980000000000018,1,0.4690335149626271,1.0,long,long,10,24.800000000000182,0.8671328671328735,-7795.400000000021
2022-08-13 03:00:00,280.0,285.77,5.769999999999982,1,0.4466915331987001,1.0,long,long,10,52.69999999999982,1.8821428571428507,-7742.700000000021
2022-08-13 04:00:00,286.0,290.24,4.240000000000009,1,0.45159249508748345,1.0,long,long,10,37.40000000000009,1.3076923076923108,-7705.300000000021
2022-08-13 05:00:00,288.3,304.14,15.839999999999977,1,0.44622988996737406,1.0,long,long,10,153.39999999999975,5.320846340617404,-7551.9000000000215
2022-08-13 06:00:00,308.8,314.86,6.060000000000002,1,0.4375313166779647,1.0,long,long,10,55.60000000000002,1.8005181347150265,-7496.300000000021
2022-08-13 07:00:00,318.5,321.73,3.230000000000018,1,0.44859104445001824,1.0,long,long,10,27.300000000000182,0.8571428571428629,-7469.000000000021
2022-08-13 08:00:00,314.0,310.88,-3.1200000000000045,0,0.5260752875454324,1.0,long,long,10,-36.200000000000045,-1.152866242038218,-7505.200000000021
2022-08-13 09:00:00,295.2,283.41,-11.789999999999964,0,0.5525142284837448,1.0,long,long,10,-122.89999999999964,-4.163279132791316,-7628.10000000002
2022-08-13 10:00:00,284.55,268.98,-15.569999999999991,0,0.6002844316280593,1.0,long,long,10,-160.69999999999993,-5.6475136179933205,-7788.80000000002
2022-08-13 11:00:00,279.8,259.07,-20.730000000000015,0,0.5804924792464373,1.0,long,long,10,-212.30000000000018,-7.587562544674774,-8001.10000000002
2022-08-13 12:00:00,268.8,249.95,-18.850000000000023,0,0.5655033172312396,1.0,long,long,10,-193.50000000000023,-7.198660714285722,-8194.60000000002
2022-08-13 13:00:00,262.0,245.05,-16.94999999999999,0,0.57829436809068,1.0,long,long,10,-174.4999999999999,-6.660305343511446,-8369.10000000002
2022-08-13 14:00:00,261.9,249.92,-11.97999999999999,0,0.5484227818716766,1.0,long,long,10,-124.7999999999999,-4.765177548682699,-8493.90000000002
2022-08-13 15:00:00,265.4,265.16,-0.2399999999999522,0,0.5623236272423167,1.0,long,long,10,-7.3999999999995225,-0.2788244159758675,-8501.30000000002
2022-08-13 16:00:00,302.3,325.53,23.22999999999996,1,0.49616114752793666,1.0,long,long,10,227.2999999999996,7.519020840224929,-8274.00000000002
2022-08-13 17:00:00,365.7,370.24,4.5400000000000205,1,0.43700548697421693,0.0,short,short,10,-50.400000000000205,-1.378178835110752,-8324.40000000002
2022-08-13 18:00:00,397.0,403.82,6.819999999999993,1,0.35806049254141603,1.0,long,long,10,63.19999999999993,1.5919395465994943,-8261.200000000019
2022-08-13 19:00:00,399.9,402.64,2.740000000000009,1,0.3388525613677002,1.0,long,long,10,22.40000000000009,0.5601400350087544,-8238.80000000002
2022-08-13 20:00:00,391.2,386.02,-5.180000000000007,0,0.3818804144536385,1.0,long,long,10,-56.80000000000007,-1.4519427402863003,-8295.600000000019
2022-08-13 21:00:00,378.0,375.25,-2.75,0,0.40295157708712603,1.0,long,long,10,-32.5,-0.8597883597883598,-8328.100000000019
2022-08-13 22:00:00,334.7,333.25,-1.4499999999999886,0,0.37420648208218066,1.0,long,long,10,-19.499999999999886,-0.5826112936958436,-8347.600000000019
2022-08-13 23:00:00,326.0,339.47,13.470000000000027,1,0.4541023647889828,0.0,short,short,10,-139.70000000000027,-4.285276073619641,-8487.30000000002
2022-08-14 00:00:00,312.8,323.36,10.560000000000002,1,0.44543782563599915,0.0,short,short,10,-110.60000000000002,-3.535805626598466,-8597.90000000002
2022-08-14 01:00:00,302.7,306.99,4.2900000000000205,1,0.4368690017172046,1.0,long,long,10,37.900000000000205,1.2520647505781368,-8560.00000000002
2022-08-14 02:00:00,290.0,299.92,9.920000000000016,1,0.47570995721781195,1.0,long,long,10,94.20000000000016,3.2482758620689713,-8465.80000000002
2022-08-14 03:00:00,290.0,288.01,-1.990000000000009,0,0.46519875385971377,1.0,long,long,10,-24.90000000000009,-0.8586206896551756,-8490.700000000019
2022-08-14 04:00:00,290.0,298.74,8.740000000000009,1,0.40746696790932224,1.0,long,long,10,82.40000000000009,2.8413793103448306,-8408.30000000002
2022-08-14 05:00:00,290.0,298.52,8.519999999999982,1,0.4854681074698772,1.0,long,long,10,80.19999999999982,2.765517241379304,-8328.10000000002
2022-08-14 06:00:00,289.0,284.99,-4.009999999999991,0,0.3860171955505607,1.0,long,long,10,-45.09999999999991,-1.56055363321799,-8373.20000000002
2022-08-14 07:00:00,280.1,278.98,-1.1200000000000043,0,0.46555124163206485,1.0,long,long,10,-16.200000000000045,-0.5783648696893983,-8389.400000000021
2022-08-14 08:00:00,273.0,271.08,-1.920000000000016,0,0.5633841676815835,0.0,short,short,10,14.20000000000016,0.520146520146526,-8375.20000000002
2022-08-14 09:00:00,276.2,268.81,-7.389999999999986,0,0.5553628318510573,0.0,short,short,10,68.89999999999986,2.4945691527878298,-8306.300000000021
2022-08-14 10:00:00,270.0,261.46,-8.54000000000002,0,0.6203037279347394,0.0,short,short,10,80.4000000000002,2.9777777777777854,-8225.900000000021
2022-08-14 11:00:00,265.7,261.06,-4.639999999999986,0,0.5462125334581363,0.0,short,short,10,41.399999999999864,1.5581482875423358,-8184.500000000022
2022-08-14 12:00:00,260.0,261.09,1.089999999999975,1,0.5891020254407706,0.0,short,short,10,-15.89999999999975,-0.6115384615384519,-8200.400000000021
2022-08-14 13:00:00,256.3,261.0,4.699999999999989,1,0.5958332417002463,0.0,short,short,10,-51.999999999999886,-2.028872415138505,-8252.400000000021
2022-08-14 14:00:00,258.0,257.0,-1.0,0,0.5629597394065976,0.0,short,short,10,5.0,0.1937984496124031,-8247.400000000021
2022-08-14 15:00:00,259.0,249.43,-9.569999999999991,0,0.5749731120066521,0.0,short,short,10,90.69999999999993,3.501930501930499,-8156.700000000022
2022-08-14 16:00:00,294.6,301.84,7.239999999999952,1,0.4899949065259791,1.0,long,long,10,67.39999999999952,2.2878479293957747,-8089.300000000022
2022-08-14 17:00:00,346.7,351.27,4.569999999999993,1,0.4518974532013908,1.0,long,long,10,40.69999999999993,1.173925584078452,-8048.600000000022
2022-08-14 18:00:00,390.0,387.89,-2.1100000000000136,0,0.35995155207356905,1.0,long,long,10,-26.100000000000136,-0.6692307692307727,-8074.700000000023
2022-08-14 19:00:00,404.5,399.31,-5.189999999999998,0,0.3091980535075485,1.0,long,long,10,-56.89999999999998,-1.4066749072929539,-8131.600000000022
2022-08-14 20:00:00,400.2,393.94,-6.259999999999991,0,0.3520659223153535,0.0,short,short,10,57.59999999999991,1.4392803598200876,-8074.000000000022
2022-08-14 21:00:00,380.4,384.52,4.1200000000000045,1,0.3635110895641263,0.0,short,short,10,-46.200000000000045,-1.2145110410094648,-8120.200000000022
2022-08-14 22:00:00,341.9,347.6,5.7000000000000455,1,0.39698601828452096,0.0,short,short,10,-62.000000000000455,-1.813395729745553,-8182.200000000023
2022-08-14 23:00:00,312.2,312.39,0.1899999999999977,1,0.4336642401040278,1.0,long,long,10,-3.1000000000000227,-0.09929532351057088,-8185.300000000023
2022-08-15 00:00:00,297.0,303.42,6.420000000000016,1,0.5860372415092009,1.0,long,long,10,59.20000000000016,1.9932659932659988,-8126.100000000023
2022-08-15 01:00:00,285.0,287.27,2.269999999999982,1,0.5418638949924017,1.0,long,long,10,17.699999999999818,0.621052631578941,-8108.400000000023
2022-08-15 02:00:00,277.8,281.25,3.4499999999999886,1,0.593123103296842,1.0,long,long,10,29.499999999999886,1.0619150467962521,-8078.900000000023
2022-08-15 03:00:00,279.0,281.0,2.0,1,0.6203781704803618,0.0,short,short,10,-25.0,-0.8960573476702509,-8103.900000000023
2022-08-15 04:00:00,287.8,292.0,4.199999999999989,1,0.6189307761834141,1.0,long,long,10,36.999999999999886,1.2856150104239015,-8066.900000000023
2022-08-15 05:00:00,313.1,325.86,12.759999999999993,1,0.6089243674292095,1.0,long,long,10,122.59999999999991,3.915681890769719,-7944.300000000023
2022-08-15 06:00:00,339.7,352.01,12.310000000000002,1,0.5154306883036528,0.0,short,short,10,-128.10000000000002,-3.7709743891669123,-8072.400000000023
2022-08-15 07:00:00,344.0,368.0,24.0,1,0.6324861887840858,0.0,short,short,10,-245.0,-7.122093023255814,-8317.400000000023
2022-08-15 08:00:00,362.0,364.65,2.6499999999999773,1,0.7833716865133546,0.0,short,short,10,-31.499999999999773,-0.8701657458563473,-8348.900000000023
2022-08-15 09:00:00,335.9,346.58,10.680000000000009,1,0.6775202641345246,0.0,short,short,10,-111.80000000000007,-3.3283715391485584,-8460.700000000023
2022-08-15 10:00:00,320.0,325.7,5.699999999999989,1,0.7533712894792924,0.0,short,short,10,-61.999999999999886,-1.9374999999999967,-8522.700000000023
2022-08-15 11:00:00,308.32,316.69,8.370000000000005,1,0.7196248687285073,0.0,short,short,10,-88.70000000000005,-2.876881162428647,-8611.400000000023
2022-08-15 12:00:00,296.8,317.47,20.670000000000016,1,0.7651478417393763,1.0,long,long,10,201.70000000000016,6.7958221024258805,-8409.700000000023
2022-08-15 13:00:00,295.0,319.87,24.870000000000005,1,0.7473783750616954,1.0,long,long,10,243.70000000000005,8.261016949152543,-8166.000000000023
2022-08-15 14:00:00,304.7,321.77,17.069999999999993,1,0.7363384576240946,0.0,short,short,10,-175.69999999999993,-5.766327535280602,-8341.700000000023
2022-08-15 15:00:00,323.1,342.0,18.899999999999977,1,0.7262649694481036,0.0,short,short,10,-193.99999999999977,-6.004333023831625,-8535.700000000023
2022-08-15 16:00:00,363.7,369.37,5.670000000000016,1,0.6591893236782775,1.0,long,long,10,51.70000000000016,1.4215012372834799,-8484.000000000022
2022-08-15 17:00:00,403.1,408.77,5.669999999999959,1,0.5977415215814604,1.0,long,long,10,51.69999999999959,1.282560158769526,-8432.300000000023
2022-08-15 18:00:00,451.7,465.44,13.740000000000007,1,0.48532710962823106,0.0,short,short,10,-142.4000000000001,-3.152534868275406,-8574.700000000023
2022-08-15 19:00:00,446.9,451.27,4.3700000000000045,1,0.42188526385950825,0.0,short,short,10,-48.700000000000045,-1.0897292459163135,-8623.400000000023
2022-08-15 20:00:00,425.3,430.5,5.199999999999989,1,0.49228372570656936,0.0,short,short,10,-56.999999999999886,-1.3402304255819395,-8680.400000000023
2022-08-15 21:00:00,406.0,406.99,0.9900000000000092,1,0.5009595811086723,1.0,long,long,10,4.900000000000091,0.12068965517241603,-8675.500000000024
2022-08-15 22:00:00,359.5,373.2,13.699999999999989,1,0.5300043521644249,1.0,long,long,10,131.9999999999999,3.6717663421418605,-8543.500000000024
2022-08-15 23:00:00,349.5,353.57,4.069999999999993,1,0.5464371466612272,1.0,long,long,10,35.69999999999993,1.0214592274678091,-8507.800000000023
2022-08-16 00:00:00,330.9,319.99,-10.909999999999968,0,0.7114683736945915,1.0,long,long,10,-114.09999999999968,-3.4481716530673823,-8621.900000000023
2022-08-16 01:00:00,320.0,312.57,-7.430000000000007,0,0.6940264353110841,1.0,long,long,10,-79.30000000000007,-2.478125000000002,-8701.200000000023
2022-08-16 02:00:00,309.25,272.66,-36.589999999999975,0,0.6962601693379774,1.0,long,long,10,-370.89999999999975,-11.993532740501205,-9072.100000000022
2022-08-16 03:00:00,310.0,266.53,-43.47000000000003,0,0.7035673961892153,1.0,long,long,10,-439.7000000000003,-14.183870967741944,-9511.800000000023
2022-08-16 04:00:00,324.1,270.04,-54.06,0,0.6850177646926346,1.0,long,long,10,-545.6,-16.834310398025302,-10057.400000000023
2022-08-16 05:00:00,332.0,279.98,-52.01999999999998,0,0.6894150580967137,1.0,long,long,10,-525.1999999999998,-15.819277108433731,-10582.600000000024
2022-08-16 06:00:00,366.9,344.97,-21.92999999999995,0,0.6386986678018065,1.0,long,long,10,-224.2999999999995,-6.113382393022608,-10806.900000000023
2022-08-16 07:00:00,417.0,403.01,-13.990000000000007,0,0.6889626263382702,1.0,long,long,10,-144.9000000000001,-3.4748201438848945,-10951.800000000023
2022-08-16 08:00:00,405.0,395.0,-10.0,0,0.7334440265366442,1.0,long,long,10,-105.0,-2.5925925925925926,-11056.800000000023
2022-08-16 09:00:00,378.5,378.89,0.3899999999999863,1,0.7471622517384494,1.0,long,long,10,-1.1000000000001364,-0.029062087186265163,-11057.900000000023
2022-08-16 10:00:00,373.6,374.28,0.67999999999995,1,0.7641989858190343,1.0,long,long,10,1.7999999999994998,0.04817987152032922,-11056.100000000024
2022-08-16 11:00:00,358.6,360.77,2.169999999999959,1,0.7262609798973332,1.0,long,long,10,16.69999999999959,0.4656999442275402,-11039.400000000025
2022-08-16 12:00:00,346.0,348.23,2.230000000000018,1,0.7710307877791572,1.0,long,long,10,17.300000000000182,0.5000000000000052,-11022.100000000024
2022-08-16 13:00:00,348.89,347.2,-1.6899999999999975,0,0.758557995884932,1.0,long,long,10,-21.899999999999977,-0.6277050073088933,-11044.000000000024
2022-08-16 14:00:00,346.49,354.32,7.829999999999984,1,0.7478903747385484,1.0,long,long,10,73.29999999999984,2.1155011688648977,-10970.700000000024
2022-08-16 15:00:00,366.9,373.71,6.810000000000002,1,0.7823805077851683,1.0,long,long,10,63.10000000000002,1.7198146633960212,-10907.600000000024
2022-08-16 16:00:00,409.8,413.7,3.8999999999999777,1,0.7458312546818453,1.0,long,long,10,33.99999999999977,0.8296730112249823,-10873.600000000024
2022-08-16 17:00:00,456.94,457.52,0.5799999999999841,1,0.684726612742543,1.0,long,long,10,0.7999999999998408,0.017507769072522453,-10872.800000000025
2022-08-16 18:00:00,513.59,519.43,5.839999999999918,1,0.5741564974541336,1.0,long,long,10,53.39999999999918,1.039739870324562,-10819.400000000025
2022-08-16 19:00:00,512.7,514.84,2.1399999999999864,1,0.5484573611178787,1.0,long,long,10,16.399999999999864,0.3198751706651036,-10803.000000000025
2022-08-16 20:00:00,476.8,476.51,-0.2900000000000204,0,0.5534236250477005,1.0,long,long,10,-7.900000000000205,-0.16568791946309153,-10810.900000000025
2022-08-16 21:00:00,451.2,436.97,-14.22999999999996,0,0.5721263802858083,1.0,long,long,10,-147.2999999999996,-3.2646276595744594,-10958.200000000024
2022-08-16 22:00:00,398.0,371.53,-26.470000000000027,0,0.6478498236760947,1.0,long,long,10,-269.7000000000003,-6.776381909547746,-11227.900000000025
2022-08-16 23:00:00,354.8,362.2,7.399999999999977,1,0.6170475310544224,1.0,long,long,10,68.99999999999977,1.944757609921076,-11158.900000000025
2022-08-17 00:00:00,317.5,316.66,-0.839999999999975,0,0.5101790582942229,0.0,short,short,10,3.39999999999975,0.10708661417322046,-11155.500000000025
2022-08-17 01:00:00,301.0,301.67,0.6700000000000159,1,0.5442132632465504,0.0,short,short,10,-11.70000000000016,-0.38870431893688234,-11167.200000000026
2022-08-17 02:00:00,277.0,277.35,0.3500000000000227,1,0.551944665611027,0.0,short,short,10,-8.500000000000227,-0.3068592057761815,-11175.700000000026
2022-08-17 03:00:00,272.9,267.64,-5.259999999999991,0,0.537250666552793,0.0,short,short,10,47.59999999999991,1.744228655185046,-11128.100000000026
2022-08-17 04:00:00,272.9,262.03,-10.870000000000005,0,0.5348201133164563,0.0,short,short,10,103.70000000000005,3.799926713081716,-11024.400000000025
2022-08-17 05:00:00,281.0,272.92,-8.079999999999984,0,0.5783795404320488,0.0,short,short,10,75.79999999999984,2.6975088967971472,-10948.600000000026
2022-08-17 06:00:00,342.0,309.93,-32.06999999999999,0,0.5106861741296383,0.0,short,short,10,315.69999999999993,9.230994152046781,-10632.900000000025
2022-08-17 07:00:00,442.0,401.0,-41.0,0,0.4833270322253787,0.0,short,short,10,405.0,9.16289592760181,-10227.900000000025
2022-08-17 08:00:00,452.6,452.0,-0.6000000000000227,0,0.552279677522367,0.0,short,short,10,1.0000000000002274,0.022094564737079703,-10226.900000000025
2022-08-17 09:00:00,431.4,441.56,10.160000000000023,1,0.6515395540680697,1.0,long,long,10,96.60000000000025,2.239221140472885,-10130.300000000025
2022-08-17 10:00:00,406.7,438.99,32.29000000000002,1,0.6565559917234819,1.0,long,long,10,317.9000000000002,7.816572412097375,-9812.400000000025
2022-08-17 11:00:00,400.0,433.28,33.27999999999997,1,0.6343956308252862,1.0,long,long,10,327.7999999999997,8.194999999999993,-9484.600000000026
2022-08-17 12:00:00,400.0,438.99,38.99000000000001,1,0.7096278395513759,1.0,long,long,10,384.9000000000001,9.622500000000002,-9099.700000000026
2022-08-17 13:00:00,400.0,436.37,36.370000000000005,1,0.6702351912585649,0.0,short,short,10,-368.70000000000005,-9.217500000000001,-9468.400000000027
2022-08-17 14:00:00,398.0,435.6,37.60000000000002,1,0.6542342157040031,1.0,long,long,10,371.0000000000002,9.32160804020101,-9097.400000000027
2022-08-17 15:00:00,423.0,443.99,20.99000000000001,1,0.6826656227222354,1.0,long,long,10,204.9000000000001,4.843971631205675,-8892.500000000027
2022-08-17 16:00:00,454.5,493.65,39.14999999999998,1,0.6244119433002486,1.0,long,long,10,386.4999999999998,8.503850385038499,-8506.000000000027
2022-08-17 17:00:00,509.0,534.08,25.08000000000004,1,0.5556270894262836,1.0,long,long,10,245.8000000000004,4.829076620825155,-8260.200000000026
2022-08-17 18:00:00,548.4,569.92,21.519999999999985,1,0.42397255066979617,1.0,long,long,10,210.19999999999982,3.8329686360320903,-8050.000000000026
2022-08-17 19:00:00,541.8,557.2,15.400000000000093,1,0.3825838378876647,1.0,long,long,10,149.0000000000009,2.7500922849760228,-7901.0000000000255
2022-08-17 20:00:00,499.0,509.0,10.0,1,0.42033507593861485,0.0,short,short,10,-105.0,-2.1042084168336674,-8006.0000000000255
2022-08-17 21:00:00,462.9,462.39,-0.5099999999999909,0,0.5020355737297615,0.0,short,short,10,0.09999999999990905,0.002160293799954829,-8005.900000000025
2022-08-17 22:00:00,399.8,390.0,-9.800000000000011,0,0.5216984119177961,0.0,short,short,10,93.00000000000011,2.326163081540773,-7912.900000000025
2022-08-17 23:00:00,338.0,384.4,46.39999999999998,1,0.5567168384582195,1.0,long,long,10,458.9999999999998,13.579881656804726,-7453.900000000025
2022-08-18 00:00:00,303.0,343.1,40.10000000000002,1,0.5685264802723256,0.0,short,short,10,-406.0000000000002,-13.399339933993407,-7859.900000000025
2022-08-18 01:00:00,302.4,324.98,22.58000000000004,1,0.5757698309790829,1.0,long,long,10,220.8000000000004,7.301587301587315,-7639.100000000025
2022-08-18 02:00:00,296.4,297.91,1.5100000000000475,1,0.557677044639564,1.0,long,long,10,10.100000000000477,0.3407557354925937,-7629.000000000025
2022-08-18 03:00:00,286.78,287.98,1.2000000000000457,1,0.5700882052128742,0.0,short,short,10,-17.000000000000455,-0.5927888974126667,-7646.0000000000255
2022-08-18 04:00:00,282.28,281.37,-0.9099999999999682,0,0.5490651475287192,0.0,short,short,10,4.099999999999682,0.14524585517924338,-7641.900000000026
2022-08-18 05:00:00,298.45,295.01,-3.4399999999999977,0,0.5905328507765222,0.0,short,short,10,29.399999999999977,0.9850896297537268,-7612.500000000026
2022-08-18 06:00:00,340.5,331.54,-8.95999999999998,0,0.5949927252529692,0.0,short,short,10,84.5999999999998,2.484581497797351,-7527.900000000027
2022-08-18 07:00:00,449.0,460.75,11.75,1,0.5966220119970929,0.0,short,short,10,-122.5,-2.728285077951002,-7650.400000000027
2022-08-18 08:00:00,458.7,473.08,14.379999999999995,1,0.6730208722840585,0.0,short,short,10,-148.79999999999995,-3.2439502943100056,-7799.200000000027
2022-08-18 09:00:00,444.0,459.0,15.0,1,0.7703996042201214,1.0,long,long,10,145.0,3.265765765765766,-7654.200000000027
2022-08-18 10:00:00,413.64,429.08,15.439999999999998,1,0.6743101927980103,1.0,long,long,10,149.39999999999998,3.6118363794604003,-7504.8000000000275
2022-08-18 11:00:00,398.0,413.03,15.029999999999973,1,0.6314701446752786,1.0,long,long,10,145.29999999999973,3.6507537688442144,-7359.500000000027
2022-08-18 12:00:00,395.0,405.4,10.399999999999975,1,0.6803802555344216,1.0,long,long,10,98.99999999999977,2.506329113924045,-7260.500000000027
2022-08-18 13:00:00,387.4,395.06,7.660000000000025,1,0.6674894900290167,1.0,long,long,10,71.60000000000025,1.8482188951987675,-7188.900000000027
2022-08-18 14:00:00,394.0,406.8,12.800000000000011,1,0.6512260478797034,1.0,long,long,10,123.00000000000011,3.1218274111675153,-7065.900000000027
2022-08-18 15:00:00,408.5,423.6,15.100000000000025,1,0.6483783545530706,1.0,long,long,10,146.00000000000023,3.574051407588745,-6919.900000000027
2022-08-18 16:00:00,452.1,464.9,12.799999999999956,1,0.5800605364239526,1.0,long,long,10,122.99999999999955,2.7206370272063602,-6796.900000000027
2022-08-18 17:00:00,504.0,513.3,9.299999999999956,1,0.5440233083421512,1.0,long,long,10,87.99999999999955,1.746031746031737,-6708.900000000027
2022-08-18 18:00:00,555.4,548.4,-7.0,0,0.4257714794632183,1.0,long,long,10,-75.0,-1.3503781058696436,-6783.900000000027
2022-08-18 19:00:00,541.0,536.74,-4.259999999999991,0,0.44678574409023397,1.0,long,long,10,-47.59999999999991,-0.8798521256931592,-6831.500000000027
2022-08-18 20:00:00,492.0,490.07,-1.9300000000000068,0,0.49353388729285125,1.0,long,long,10,-24.300000000000068,-0.4939024390243916,-6855.8000000000275
2022-08-18 21:00:00,441.36,447.22,5.860000000000014,1,0.45749554539467113,0.0,short,short,10,-63.600000000000136,-1.4410005437737932,-6919.400000000028
2022-08-18 22:00:00,369.9,310.0,-59.89999999999998,0,0.5013195418273195,0.0,short,short,10,593.9999999999998,16.058394160583937,-6325.400000000028
2022-08-18 23:00:00,324.3,326.01,1.7099999999999795,1,0.5615951058187485,1.0,long,long,10,12.099999999999795,0.3731113166820782,-6313.300000000028
2022-08-19 00:00:00,291.85,310.04,18.19,1,0.4227953662332808,1.0,long,long,10,176.89999999999998,6.061332876477642,-6136.400000000029
2022-08-19 01:00:00,283.0,279.93,-3.069999999999993,0,0.4488253635173188,1.0,long,long,10,-35.69999999999993,-1.261484098939927,-6172.100000000029
2022-08-19 02:00:00,273.0,275.02,2.019999999999982,1,0.4681081361348495,1.0,long,long,10,15.199999999999818,0.5567765567765501,-6156.900000000029
2022-08-19 03:00:00,269.65,269.05,-0.5999999999999659,0,0.46251080457781574,1.0,long,long,10,-10.999999999999659,-0.40793621361022286,-6167.900000000029
2022-08-19 04:00:00,276.2,279.93,3.730000000000018,1,0.4569153158990318,0.0,short,short,10,-42.30000000000018,-1.5314989138305641,-6210.200000000029
2022-08-19 05:00:00,285.0,302.86,17.860000000000014,1,0.4729117139090593,0.0,short,short,10,-183.60000000000014,-6.4421052631579,-6393.800000000029
2022-08-19 06:00:00,317.0,374.22,57.22000000000003,1,0.3572890202146962,0.0,short,short,10,-577.2000000000003,-18.208201892744487,-6971.000000000029
2022-08-19 07:00:00,424.66,410.0,-14.660000000000023,0,0.39794108985271753,1.0,long,long,10,-151.60000000000025,-3.5699147553336843,-7122.6000000000295
2022-08-19 08:00:00,442.0,444.96,2.9599999999999795,1,0.38710309598300685,1.0,long,long,10,24.599999999999795,0.556561085972846,-7098.00000000003
2022-08-19 09:00:00,418.1,423.51,5.409999999999968,1,0.4057666376688014,1.0,long,long,10,49.09999999999968,1.1743602009088658,-7048.900000000031
2022-08-19 10:00:00,386.86,402.75,15.889999999999986,1,0.37679141460971965,1.0,long,long,10,153.89999999999986,3.978183322132033,-6895.000000000031
2022-08-19 11:00:00,370.8,390.04,19.24000000000001,1,0.41645156816830864,1.0,long,long,10,187.4000000000001,5.053937432578211,-6707.600000000031
2022-08-19 12:00:00,363.2,381.96,18.75999999999999,1,0.47620782183270216,1.0,long,long,10,182.5999999999999,5.027533039647575,-6525.000000000031
2022-08-19 13:00:00,358.9,371.92,13.02000000000004,1,0.4307941978518533,1.0,long,long,10,125.20000000000039,3.4884368904987566,-6399.80000000003
2022-08-19 14:00:00,353.51,368.11,14.600000000000025,1,0.44260869738707187,1.0,long,long,10,141.00000000000023,3.9885717518599253,-6258.80000000003
2022-08-19 15:00:00,362.0,381.0,19.0,1,0.4371411000252699,1.0,long,long,10,185.0,5.110497237569061,-6073.80000000003
2022-08-19 16:00:00,409.0,425.39,16.389999999999986,1,0.4058091942624035,1.0,long,long,10,158.89999999999986,3.885085574572124,-5914.900000000031
2022-08-19 17:00:00,447.5,463.17,15.670000000000016,1,0.36185105139995055,1.0,long,long,10,151.70000000000016,3.389944134078216,-5763.200000000031
2022-08-19 18:00:00,479.0,497.51,18.50999999999999,1,0.3282006933352315,0.0,short,short,10,-190.0999999999999,-3.968684759916491,-5953.30000000003
2022-08-19 19:00:00,491.0,497.4,6.399999999999977,1,0.3375057509171692,0.0,short,short,10,-68.99999999999977,-1.4052953156822765,-6022.30000000003
2022-08-19 20:00:00,466.7,472.11,5.410000000000025,1,0.38672681443738915,0.0,short,short,10,-59.10000000000025,-1.2663381187058123,-6081.400000000031
2022-08-19 21:00:00,451.66,450.01,-1.650000000000034,0,0.41834373245838247,1.0,long,long,10,-21.50000000000034,-0.4760217862994363,-6102.900000000031
2022-08-19 22:00:00,415.1,416.31,1.2099999999999795,1,0.46919743754979765,0.0,short,short,10,-17.099999999999795,-0.4119489279691591,-6120.00000000003
2022-08-19 23:00:00,405.3,423.07,17.769999999999982,1,0.407123999441348,1.0,long,long,10,172.69999999999982,4.261041204046381,-5947.30000000003
2022-08-20 00:00:00,341.3,392.2,50.89999999999998,1,0.6594963740870012,1.0,long,long,10,503.9999999999998,14.767067096396126,-5443.30000000003
2022-08-20 01:00:00,337.6,359.99,22.389999999999983,1,0.7129392150103637,0.0,short,short,10,-228.89999999999986,-6.780213270142176,-5672.20000000003
2022-08-20 02:00:00,316.7,340.0,23.30000000000001,1,0.7124757900689889,1.0,long,long,10,228.0000000000001,7.199242185033158,-5444.20000000003
2022-08-20 03:00:00,299.5,340.0,40.5,1,0.6929110030910611,0.0,short,short,10,-410.0,-13.689482470784641,-5854.20000000003
2022-08-20 04:00:00,288.0,309.9,21.899999999999977,1,0.7021025129999703,1.0,long,long,10,213.99999999999977,7.430555555555548,-5640.20000000003
2022-08-20 05:00:00,285.35,290.31,4.9599999999999795,1,0.6661955669894204,1.0,long,long,10,44.599999999999795,1.5629928158401893,-5595.60000000003
2022-08-20 06:00:00,286.25,265.06,-21.19,0,0.5907338981740928,1.0,long,long,10,-216.89999999999998,-7.577292576419213,-5812.50000000003
2022-08-20 07:00:00,298.4,295.31,-3.089999999999975,0,0.619947694864152,0.0,short,short,10,25.89999999999975,0.8679624664879273,-5786.60000000003
2022-08-20 08:00:00,307.57,335.2,27.629999999999995,1,0.5919258704162312,1.0,long,long,10,271.29999999999995,8.820756250609616,-5515.30000000003
2022-08-20 09:00:00,299.0,310.0,11.0,1,0.5827603666929669,1.0,long,long,10,105.0,3.511705685618729,-5410.30000000003
2022-08-20 10:00:00,285.0,295.55,10.550000000000011,1,0.4610650676786954,1.0,long,long,10,100.50000000000011,3.526315789473688,-5309.80000000003
2022-08-20 11:00:00,262.8,270.01,7.2099999999999795,1,0.5500263554148699,1.0,long,long,10,67.0999999999998,2.5532724505327167,-5242.700000000031
2022-08-20 12:00:00,250.0,254.05,4.050000000000011,1,0.4536945530134831,1.0,long,long,10,35.500000000000114,1.4200000000000046,-5207.200000000031
2022-08-20 13:00:00,246.8,249.15,2.3499999999999943,1,0.4039517502296265,1.0,long,long,10,18.499999999999943,0.7495948136142603,-5188.700000000031
2022-08-20 14:00:00,254.0,254.09,0.0900000000000034,1,0.5797777034680887,1.0,long,long,10,-4.099999999999966,-0.16141732283464433,-5192.800000000031
2022-08-20 15:00:00,270.1,270.08,-0.0200000000000386,0,0.46347599000111894,1.0,long,long,10,-5.2000000000003865,-0.19252128841171368,-5198.000000000032
2022-08-20 16:00:00,294.7,291.39,-3.3100000000000023,0,0.5112891289573889,1.0,long,long,10,-38.10000000000002,-1.2928401764506285,-5236.100000000032
2022-08-20 17:00:00,339.0,324.84,-14.160000000000023,0,0.39534846050532524,1.0,long,long,10,-146.60000000000025,-4.324483775811217,-5382.700000000033
2022-08-20 18:00:00,373.65,375.5,1.8500000000000227,1,0.3499427579864649,1.0,long,long,10,13.500000000000227,0.3613006824568507,-5369.200000000033
2022-08-20 19:00:00,389.5,400.0,10.5,1,0.41813342092054956,1.0,long,long,10,100.0,2.5673940949935816,-5269.200000000033
2022-08-20 20:00:00,389.0,389.87,0.8700000000000045,1,0.4532145878808411,1.0,long,long,10,3.7000000000000455,0.09511568123393434,-5265.500000000033
2022-08-20 21:00:00,372.8,373.03,0.2299999999999613,1,0.4673292861979402,0.0,short,short,10,-7.2999999999996135,-0.19581545064376646,-5272.800000000032
2022-08-20 22:00:00,337.6,329.35,-8.25,0,0.563323048460714,1.0,long,long,10,-87.5,-2.5918246445497632,-5360.300000000032
2022-08-20 23:00:00,341.6,339.77,-1.830000000000041,0,0.43854461146102175,1.0,long,long,10,-23.30000000000041,-0.6820843091335015,-5383.600000000032
2022-08-21 00:00:00,309.6,309.2,-0.4000000000000341,0,0.38227637951848914,1.0,long,long,10,-9.000000000000341,-0.29069767441861566,-5392.600000000032
2022-08-21 01:00:00,296.2,315.69,19.49000000000001,1,0.48261049452412,1.0,long,long,10,189.9000000000001,6.411208642808916,-5202.700000000032
2022-08-21 02:00:00,283.0,297.6,14.600000000000025,1,0.4761498994862684,1.0,long,long,10,141.00000000000023,4.98233215547704,-5061.700000000032
2022-08-21 03:00:00,274.3,291.33,17.029999999999973,1,0.4733140533295047,1.0,long,long,10,165.29999999999973,6.026248632883694,-4896.400000000032
2022-08-21 04:00:00,275.3,284.61,9.310000000000002,1,0.5233594802641941,1.0,long,long,10,88.10000000000002,3.2001452960406835,-4808.300000000032
2022-08-21 05:00:00,275.0,292.19,17.189999999999998,1,0.48225476895218233,1.0,long,long,10,166.89999999999998,6.0690909090909075,-4641.400000000032
2022-08-21 06:00:00,284.04,296.32,12.279999999999973,1,0.3572395439213276,0.0,short,short,10,-127.79999999999973,-4.49936628643852,-4769.200000000032
2022-08-21 07:00:00,298.2,305.97,7.770000000000039,1,0.36704412657879215,0.0,short,short,10,-82.70000000000039,-2.7733065057008845,-4851.900000000032
2022-08-21 08:00:00,302.6,301.77,-0.8300000000000409,0,0.3536069327250636,1.0,long,long,10,-13.30000000000041,-0.43952412425645765,-4865.200000000033
2022-08-21 09:00:00,280.5,279.17,-1.329999999999984,0,0.4134651202774998,1.0,long,long,10,-18.29999999999984,-0.6524064171122937,-4883.500000000033
2022-08-21 10:00:00,291.35,295.39,4.039999999999964,1,0.42636650001750176,1.0,long,long,10,35.399999999999636,1.2150334649047412,-4848.100000000033
2022-08-21 11:00:00,297.0,307.01,10.009999999999993,1,0.4390723391989741,1.0,long,long,10,95.09999999999991,3.202020202020199,-4753.000000000033
2022-08-21 12:00:00,295.0,289.49,-5.509999999999991,0,0.48058275603287465,1.0,long,long,10,-60.09999999999991,-2.0372881355932173,-4813.100000000033
2022-08-21 13:00:00,281.81,290.65,8.839999999999975,1,0.4578356160646853,1.0,long,long,10,83.39999999999975,2.95944075795748,-4729.7000000000335
2022-08-21 14:00:00,289.7,290.23,0.5300000000000296,1,0.4187436987878222,1.0,long,long,10,0.3000000000002956,0.0103555402140247,-4729.400000000033
2022-08-21 15:00:00,305.52,308.74,3.2200000000000273,1,0.4800409670810082,0.0,short,short,10,-37.20000000000027,-1.2175962293794278,-4766.600000000033
2022-08-21 16:00:00,352.5,360.47,7.970000000000027,1,0.467774915316416,0.0,short,short,10,-84.70000000000027,-2.402836879432632,-4851.300000000034
2022-08-21 17:00:00,432.0,438.55,6.550000000000011,1,0.4831040170681989,0.0,short,short,10,-70.50000000000011,-1.6319444444444469,-4921.800000000034
2022-08-21 18:00:00,472.0,479.51,7.509999999999991,1,0.4003079311447357,1.0,long,long,10,70.09999999999991,1.4851694915254219,-4851.7000000000335
2022-08-21 19:00:00,488.2,493.16,4.960000000000036,1,0.38048913152628455,1.0,long,long,10,44.600000000000364,0.9135600163867342,-4807.100000000033
2022-08-21 20:00:00,497.9,500.0,2.1000000000000227,1,0.4028213646470736,1.0,long,long,10,16.000000000000227,0.32134966860815883,-4791.100000000033
2022-08-21 21:00:00,486.31,493.81,7.5,1,0.4430939613910148,1.0,long,long,10,70.0,1.439411075240073,-4721.100000000033
2022-08-21 22:00:00,435.4,453.5,18.100000000000023,1,0.4892212327319867,0.0,short,short,10,-186.00000000000023,-4.271933853927428,-4907.100000000033
2022-08-21 23:00:00,406.9,435.48,28.58000000000004,1,0.5801579033143148,0.0,short,short,10,-290.8000000000004,-7.146719095600894,-5197.900000000033
2022-08-22 00:00:00,371.4,410.0,38.60000000000002,1,0.3464602313856743,0.0,short,short,10,-391.0000000000002,-10.52773290253097,-5588.900000000033
2022-08-22 01:00:00,362.5,387.69,25.19,1,0.3572528372172903,1.0,long,long,10,246.89999999999998,6.81103448275862,-5342.000000000034
2022-08-22 02:00:00,345.0,383.69,38.69,1,0.3632458347824058,1.0,long,long,10,381.9,11.069565217391304,-4960.100000000034
2022-08-22 03:00:00,342.0,373.88,31.879999999999995,1,0.33774910051463397,1.0,long,long,10,313.79999999999995,9.175438596491228,-4646.300000000034
2022-08-22 04:00:00,351.3,407.2,55.89999999999998,1,0.40225968468913653,1.0,long,long,10,553.9999999999998,15.769997153430111,-4092.300000000034
2022-08-22 05:00:00,381.0,465.52,84.51999999999998,1,0.3701099355369825,1.0,long,long,10,840.1999999999998,22.052493438320205,-3252.100000000034
2022-08-22 06:00:00,449.0,524.7,75.70000000000005,1,0.3134997571011788,1.0,long,long,10,752.0000000000005,16.748329621380854,-2500.1000000000336
2022-08-22 07:00:00,527.1,523.14,-3.960000000000037,0,0.35937511349661067,1.0,long,long,10,-44.600000000000364,-0.8461392525137614,-2544.700000000034
2022-08-22 08:00:00,514.9,512.61,-2.2899999999999636,0,0.5429703139536015,0.0,short,short,10,17.899999999999636,0.3476403185084412,-2526.8000000000343
2022-08-22 09:00:00,494.6,519.22,24.620000000000005,1,0.5805049870280297,0.0,short,short,10,-251.20000000000005,-5.078851597250304,-2778.0000000000346
2022-08-22 10:00:00,488.8,516.91,28.109999999999957,1,0.4089965209602062,1.0,long,long,10,276.09999999999957,5.648527004909974,-2501.900000000035
2022-08-22 11:00:00,501.0,517.51,16.50999999999999,1,0.6313580724234897,1.0,long,long,10,160.0999999999999,3.195608782435128,-2341.800000000035
2022-08-22 12:00:00,500.2,531.21,31.010000000000048,1,0.5164005972497797,0.0,short,short,10,-315.1000000000005,-6.299480207916843,-2656.9000000000356
2022-08-22 13:00:00,486.0,498.67,12.670000000000016,1,0.7044497774823417,1.0,long,long,10,121.70000000000016,2.504115226337452,-2535.2000000000353
2022-08-22 14:00:00,468.0,481.06,13.060000000000002,1,0.516917072847616,1.0,long,long,10,125.60000000000002,2.683760683760684,-2409.6000000000354
2022-08-22 15:00:00,488.9,505.43,16.53000000000003,1,0.6533645571204788,1.0,long,long,10,160.3000000000003,3.2787891184291325,-2249.300000000035
2022-08-22 16:00:00,515.6,532.12,16.519999999999982,1,0.4938073586786751,1.0,long,long,10,160.19999999999982,3.107059736229632,-2089.1000000000354
2022-08-22 17:00:00,594.0,604.66,10.659999999999968,1,0.520592061138114,1.0,long,long,10,101.59999999999968,1.7104377104377049,-1987.5000000000357
2022-08-22 18:00:00,649.4,649.4,0.0,0,0.24841793349218194,1.0,long,long,10,-5.0,-0.0769941484447182,-1992.5000000000357
2022-08-22 19:00:00,628.0,635.5,7.5,1,0.24029050832588478,1.0,long,long,10,70.0,1.1146496815286624,-1922.5000000000357
2022-08-22 20:00:00,592.0,593.94,1.9400000000000543,1,0.4257205398015954,1.0,long,long,10,14.400000000000546,0.24324324324325247,-1908.1000000000352
2022-08-22 21:00:00,524.2,536.37,12.16999999999996,1,0.35901642742107065,1.0,long,long,10,116.69999999999959,2.2262495230827852,-1791.4000000000356
2022-08-22 22:00:00,456.9,453.99,-2.909999999999968,0,0.3374607893733942,1.0,long,long,10,-34.09999999999968,-0.7463339899321445,-1825.5000000000352
2022-08-22 23:00:00,419.06,450.7,31.639999999999983,1,0.3115536811229769,1.0,long,long,10,311.39999999999986,7.430916813821406,-1514.1000000000354
2022-08-23 00:00:00,387.93,422.92,34.99000000000001,1,0.4536118783270853,1.0,long,long,10,344.9000000000001,8.890779264300262,-1169.2000000000353
2022-08-23 01:00:00,380.0,404.98,24.980000000000015,1,0.45563251836313146,1.0,long,long,10,244.80000000000018,6.4421052631579,-924.4000000000351
2022-08-23 02:00:00,378.0,388.8,10.800000000000011,1,0.46340301065223033,1.0,long,long,10,103.00000000000011,2.7248677248677278,-821.400000000035
2022-08-23 03:00:00,375.3,382.42,7.1200000000000045,1,0.5138948558965442,1.0,long,long,10,66.20000000000005,1.7639221955768731,-755.200000000035
2022-08-23 04:00:00,380.0,390.01,10.009999999999993,1,0.5370840923905633,1.0,long,long,10,95.09999999999991,2.502631578947366,-660.100000000035
2022-08-23 05:00:00,400.0,400.01,0.0099999999999909,1,0.5345774339888413,1.0,long,long,10,-4.900000000000091,-0.12250000000000227,-665.0000000000351
2022-08-23 06:00:00,490.0,509.0,19.0,1,0.4744554367807463,1.0,long,long,10,185.0,3.7755102040816326,-480.00000000003513
2022-08-23 07:00:00,540.3,572.26,31.960000000000036,1,0.5286815638471447,0.0,short,short,10,-324.60000000000036,-6.007773459189346,-804.6000000000355
2022-08-23 08:00:00,540.0,569.82,29.82000000000005,1,0.5353345059034568,0.0,short,short,10,-303.2000000000005,-5.6148148148148245,-1107.800000000036
2022-08-23 09:00:00,545.4,576.35,30.950000000000045,1,0.693373845445928,1.0,long,long,10,304.50000000000045,5.583058305830591,-803.3000000000357
2022-08-23 10:00:00,540.1,567.76,27.659999999999968,1,0.7116096738722273,1.0,long,long,10,271.5999999999997,5.0286983891871815,-531.700000000036
2022-08-23 11:00:00,555.9,561.8,5.899999999999977,1,0.6357999509183188,1.0,long,long,10,53.99999999999977,0.9713977334052847,-477.7000000000362
2022-08-23 12:00:00,544.45,552.14,7.689999999999941,1,0.7353421453180867,1.0,long,long,10,71.89999999999941,1.3205987694003014,-405.8000000000368
2022-08-23 13:00:00,537.0,539.45,2.4500000000000455,1,0.7840743969720427,1.0,long,long,10,19.500000000000455,0.3631284916201202,-386.30000000003633
2022-08-23 14:00:00,537.0,539.41,2.409999999999968,1,0.6548275627574999,1.0,long,long,10,19.09999999999968,0.3556797020484112,-367.20000000003665
2022-08-23 15:00:00,537.0,541.13,4.1299999999999955,1,0.6305840695184776,1.0,long,long,10,36.299999999999955,0.675977653631284,-330.9000000000367
2022-08-23 16:00:00,594.05,594.03,-0.0199999999999818,0,0.5706794311868608,1.0,long,long,10,-5.199999999999818,-0.08753471929971918,-336.1000000000365
2022-08-23 17:00:00,655.19,674.99,19.799999999999955,1,0.5573202980970853,1.0,long,long,10,192.99999999999955,2.9457104046154483,-143.10000000003697
2022-08-23 18:00:00,704.8,779.03,74.23000000000002,1,0.44080621541234893,0.0,short,short,10,-747.3000000000002,-10.603007945516461,-890.4000000000372
2022-08-23 19:00:00,686.7,740.91,54.20999999999992,1,0.39047347148094613,1.0,long,long,10,537.0999999999992,7.821464977428269,-353.3000000000379
2022-08-23 20:00:00,635.6,649.92,14.319999999999936,1,0.4996682251407519,1.0,long,long,10,138.19999999999936,2.1743234738829353,-215.10000000003856
2022-08-23 21:00:00,599.7,613.45,13.75,1,0.471832740067391,1.0,long,long,10,132.5,2.209438052359513,-82.60000000003856
2022-08-23 22:00:00,525.6,528.84,3.240000000000009,1,0.4479272811617056,0.0,short,short,10,-37.40000000000009,-0.711567732115679,-120.00000000003865
2022-08-23 23:00:00,480.0,478.01,-1.990000000000009,0,0.3555057521923246,1.0,long,long,10,-24.90000000000009,-0.5187500000000019,-144.90000000003874
2022-08-24 00:00:00,441.6,450.05,8.449999999999989,1,0.34129421115741243,1.0,long,long,10,79.49999999999989,1.8002717391304324,-65.40000000003886
2022-08-24 01:00:00,418.68,438.24,19.56,1,0.3759140292635277,1.0,long,long,10,190.60000000000002,4.552402789720073,125.19999999996116
2022-08-24 02:00:00,401.3,426.12,24.819999999999993,1,0.39343083637769005,1.0,long,long,10,243.19999999999993,6.060304011961125,368.3999999999611
2022-08-24 03:00:00,380.54,430.25,49.70999999999998,1,0.43931351622855574,1.0,long,long,10,492.0999999999998,12.931623482419713,860.4999999999609
2022-08-24 04:00:00,371.99,432.01,60.01999999999998,1,0.44480315029307227,1.0,long,long,10,595.1999999999998,16.00043011908922,1455.6999999999607
2022-08-24 05:00:00,411.9,411.25,-0.6499999999999773,0,0.4342735352876175,1.0,long,long,10,-11.499999999999773,-0.2791939791211404,1444.199999999961
2022-08-24 06:00:00,534.0,492.03,-41.97000000000003,0,0.38439729727789274,1.0,long,long,10,-424.7000000000003,-7.953183520599256,1019.4999999999607
2022-08-24 07:00:00,590.55,571.96,-18.58999999999992,0,0.3283665799440402,1.0,long,long,10,-190.89999999999918,-3.2325797984929165,828.5999999999615
2022-08-24 08:00:00,570.4,560.54,-9.860000000000014,0,0.3709258140484739,1.0,long,long,10,-103.60000000000014,-1.816269284712485,724.9999999999613
2022-08-24 09:00:00,560.6,533.71,-26.889999999999983,0,0.4626616869134626,1.0,long,long,10,-273.89999999999986,-4.885836603638956,451.0999999999615
2022-08-24 10:00:00,554.06,528.99,-25.069999999999936,0,0.4068841198779998,1.0,long,long,10,-255.69999999999936,-4.615023643648691,195.39999999996212
2022-08-24 11:00:00,549.0,520.54,-28.460000000000036,0,0.40313951391050934,1.0,long,long,10,-289.60000000000036,-5.275045537340626,-94.20000000003824
2022-08-24 12:00:00,539.0,514.53,-24.470000000000027,0,0.4144396840114184,1.0,long,long,10,-249.70000000000027,-4.632653061224495,-343.9000000000385
2022-08-24 13:00:00,527.0,511.73,-15.269999999999982,0,0.3805349026732294,1.0,long,long,10,-157.69999999999982,-2.992409867172672,-501.60000000003834
2022-08-24 14:00:00,534.5,518.99,-15.509999999999993,0,0.40096519827745386,1.0,long,long,10,-160.0999999999999,-2.9953227315247877,-661.7000000000382
2022-08-24 15:00:00,555.0,539.38,-15.620000000000005,0,0.3893614761973059,1.0,long,long,10,-161.20000000000005,-2.904504504504505,-822.9000000000383
2022-08-24 16:00:00,604.25,580.29,-23.960000000000036,0,0.38228732577374885,0.0,short,short,10,234.60000000000036,3.882498965659915,-588.3000000000379
2022-08-24 17:00:00,677.0,649.76,-27.24000000000001,0,0.31256534084561827,1.0,long,long,10,-277.4000000000001,-4.097488921713443,-865.700000000038
2022-08-24 18:00:00,777.1,722.02,-55.08000000000004,0,0.2315736397343619,1.0,long,long,10,-555.8000000000004,-7.1522326598893375,-1421.5000000000384
2022-08-24 19:00:00,730.0,670.26,-59.74000000000001,0,0.24766753753845344,1.0,long,long,10,-602.4000000000001,-8.252054794520548,-2023.9000000000385
2022-08-24 20:00:00,644.0,610.0,-34.0,0,0.2761733689684799,1.0,long,long,10,-345.0,-5.357142857142857,-2368.9000000000387
2022-08-24 21:00:00,579.3,561.06,-18.24000000000001,0,0.29189397469970185,1.0,long,long,10,-187.4000000000001,-3.2349387191437953,-2556.300000000039
2022-08-24 22:00:00,515.7,481.6,-34.10000000000002,0,0.2812335263627968,1.0,long,long,10,-346.0000000000002,-6.7093271281753,-2902.3000000000393
2022-08-24 23:00:00,450.0,424.97,-25.029999999999973,0,0.3776244086803773,0.0,short,short,10,245.29999999999973,5.451111111111104,-2657.0000000000396
2022-08-25 00:00:00,423.89,397.5,-26.389999999999983,0,0.47987801564284965,1.0,long,long,10,-268.89999999999986,-6.343626884333196,-2925.9000000000397
2022-08-25 01:00:00,417.1,397.0,-20.100000000000023,0,0.4932659635551265,1.0,long,long,10,-206.00000000000023,-4.938863581874855,-3131.9000000000397
2022-08-25 02:00:00,415.45,385.0,-30.44999999999999,0,0.505463694123712,1.0,long,long,10,-309.4999999999999,-7.449753279576361,-3441.4000000000397
2022-08-25 03:00:00,416.65,387.0,-29.649999999999977,0,0.4915053165700951,1.0,long,long,10,-301.4999999999998,-7.236289451578058,-3742.9000000000397
2022-08-25 04:00:00,436.0,395.34,-40.660000000000025,0,0.4942469557738985,1.0,long,long,10,-411.60000000000025,-9.440366972477069,-4154.50000000004
2022-08-25 05:00:00,458.35,449.92,-8.430000000000007,0,0.5220977195818026,0.0,short,short,10,79.30000000000007,1.730118904767101,-4075.20000000004
2022-08-25 06:00:00,529.4,543.99,14.590000000000032,1,0.42237594632881004,0.0,short,short,10,-150.90000000000032,-2.8503966754816834,-4226.10000000004
2022-08-25 07:00:00,572.75,560.01,-12.740000000000007,0,0.42968677883444717,0.0,short,short,10,122.40000000000009,2.137058053251857,-4103.700000000041
2022-08-25 08:00:00,556.2,542.0,-14.200000000000044,0,0.4611925233123011,0.0,short,short,10,137.00000000000045,2.4631427544048985,-3966.7000000000403
2022-08-25 09:00:00,552.3,551.43,-0.8700000000000045,0,0.5302170951698284,0.0,short,short,10,3.7000000000000455,0.06699257649828075,-3963.00000000004
2022-08-25 10:00:00,559.3,549.17,-10.129999999999995,0,0.48109931144240226,0.0,short,short,10,96.29999999999995,1.7217951010191304,-3866.70000000004
2022-08-25 11:00:00,551.0,528.77,-22.230000000000015,0,0.49190606970172535,0.0,short,short,10,217.30000000000018,3.943738656987299,-3649.4000000000397
2022-08-25 12:00:00,508.9,511.01,2.1100000000000136,1,0.5444346864258685,0.0,short,short,10,-26.100000000000136,-0.5128708980153298,-3675.50000000004
2022-08-25 13:00:00,533.1,507.0,-26.100000000000023,0,0.5005040765383335,0.0,short,short,10,256.0000000000002,4.802100919152133,-3419.50000000004
2022-08-25 14:00:00,527.7,503.46,-24.240000000000062,0,0.48744006473855717,0.0,short,short,10,237.40000000000066,4.498768239530048,-3182.1000000000395
2022-08-25 15:00:00,499.9,511.17,11.27000000000004,1,0.5241166582556003,0.0,short,short,10,-117.70000000000039,-2.3544708941788435,-3299.8000000000397
2022-08-25 16:00:00,537.0,540.71,3.710000000000037,1,0.5555704964344448,0.0,short,short,10,-42.100000000000364,-0.7839851024208634,-3341.90000000004
2022-08-25 17:00:00,600.0,576.46,-23.539999999999964,0,0.486411484279172,0.0,short,short,10,230.39999999999964,3.839999999999994,-3111.5000000000405
2022-08-25 18:00:00,639.0,625.68,-13.32000000000005,0,0.4066393820345322,0.0,short,short,10,128.2000000000005,2.0062597809076763,-2983.30000000004
2022-08-25 19:00:00,611.4,611.85,0.4500000000000455,1,0.4034082948133389,0.0,short,short,10,-9.500000000000455,-0.1553810925744268,-2992.8000000000407
2022-08-25 20:00:00,582.9,582.55,-0.3500000000000227,0,0.4332950025818351,0.0,short,short,10,-1.4999999999997726,-0.025733401955734647,-2994.30000000004
2022-08-25 21:00:00,535.16,539.87,4.710000000000036,1,0.46425770440404435,0.0,short,short,10,-52.100000000000364,-0.9735406233649818,-3046.4000000000406
2022-08-25 22:00:00,504.0,491.63,-12.370000000000005,0,0.4177287594854851,0.0,short,short,10,118.70000000000005,2.3551587301587307,-2927.7000000000407
2022-08-25 23:00:00,500.0,490.35,-9.649999999999975,0,0.46948200347866953,0.0,short,short,10,91.49999999999977,1.8299999999999956,-2836.2000000000407
2022-08-26 00:00:00,464.6,464.46,-0.1400000000000432,0,0.5526221479048901,0.0,short,short,10,-3.599999999999568,-0.07748600947050296,-2839.80000000004
2022-08-26 01:00:00,448.5,459.94,11.439999999999998,1,0.5205838491090568,0.0,short,short,10,-119.39999999999998,-2.6622073578595313,-2959.2000000000403
2022-08-26 02:00:00,430.8,453.21,22.409999999999968,1,0.557201114655637,0.0,short,short,10,-229.09999999999968,-5.318012999071487,-3188.30000000004
2022-08-26 03:00:00,411.0,446.09,35.089999999999975,1,0.5701522248761286,0.0,short,short,10,-355.89999999999975,-8.65936739659367,-3544.20000000004
2022-08-26 04:00:00,433.0,463.9,30.899999999999977,1,0.5701379452077813,0.0,short,short,10,-313.9999999999998,-7.251732101616623,-3858.20000000004
2022-08-26 05:00:00,483.1,505.99,22.889999999999983,1,0.5326579145636665,0.0,short,short,10,-233.89999999999986,-4.841647691989233,-4092.1000000000395
2022-08-26 06:00:00,588.05,604.11,16.06000000000006,1,0.42115923566507807,1.0,long,long,10,155.6000000000006,2.646033500552684,-3936.500000000039
2022-08-26 07:00:00,645.7,642.04,-3.660000000000082,0,0.40786389414490015,0.0,short,short,10,31.60000000000082,0.4893913582159024,-3904.9000000000383
2022-08-26 08:00:00,639.2,640.17,0.9699999999999136,1,0.494387725677506,0.0,short,short,10,-14.699999999999136,-0.22997496871087508,-3919.6000000000377
2022-08-26 09:00:00,602.3,604.66,2.3600000000000136,1,0.543128240468368,0.0,short,short,10,-28.600000000000136,-0.47484642204881516,-3948.200000000038
2022-08-26 10:00:00,591.0,584.37,-6.6299999999999955,0,0.601082379900868,0.0,short,short,10,61.299999999999955,1.0372250423011837,-3886.900000000038
2022-08-26 11:00:00,576.15,568.29,-7.860000000000014,0,0.5600974581892495,0.0,short,short,10,73.60000000000014,1.2774451097804416,-3813.3000000000375
2022-08-26 12:00:00,569.0,556.16,-12.840000000000032,0,0.549055611619073,1.0,long,long,10,-133.40000000000032,-2.344463971880498,-3946.700000000038
2022-08-26 13:00:00,561.0,555.39,-5.610000000000014,0,0.5399399261564674,0.0,short,short,10,51.100000000000136,0.9108734402852074,-3895.6000000000377
2022-08-26 14:00:00,554.0,554.03,0.0299999999999727,1,0.5513022315143039,0.0,short,short,10,-5.299999999999727,-0.09566787003609616,-3900.9000000000374
2022-08-26 15:00:00,576.8,590.37,13.57000000000005,1,0.5633458668272149,1.0,long,long,10,130.7000000000005,2.2659500693481363,-3770.200000000037
2022-08-26 16:00:00,622.1,619.4,-2.7000000000000455,0,0.5112470602659436,1.0,long,long,10,-32.000000000000455,-0.5143867545410779,-3802.2000000000376
2022-08-26 17:00:00,673.85,649.99,-23.860000000000017,0,0.46471063016245934,0.0,short,short,10,233.60000000000014,3.4666468798694092,-3568.6000000000377
2022-08-26 18:00:00,707.5,689.93,-17.57000000000005,0,0.36046693457980916,0.0,short,short,10,170.7000000000005,2.4127208480565443,-3397.900000000037
2022-08-26 19:00:00,707.9,695.67,-12.230000000000018,0,0.33028192103166687,1.0,long,long,10,-127.30000000000018,-1.79827659273909,-3525.200000000037
2022-08-26 20:00:00,689.7,664.13,-25.57000000000005,0,0.49443196532971884,0.0,short,short,10,250.7000000000005,3.634913730607518,-3274.5000000000364
2022-08-26 21:00:00,681.2,625.5,-55.700000000000045,0,0.4160093266703447,1.0,long,long,10,-562.0000000000005,-8.250146799765126,-3836.500000000037
2022-08-26 22:00:00,616.0,577.94,-38.059999999999945,0,0.6246793227476846,0.0,short,short,10,375.59999999999945,6.097402597402588,-3460.9000000000374
2022-08-26 23:00:00,529.8,536.88,7.080000000000041,1,0.5594609093213403,0.0,short,short,10,-75.80000000000041,-1.4307285768214497,-3536.700000000038
2022-08-27 00:00:00,498.0,507.42,9.420000000000016,1,0.5645600670000264,0.0,short,short,10,-99.20000000000016,-1.991967871485947,-3635.9000000000383
2022-08-27 01:00:00,457.0,472.0,15.0,1,0.5759561599098192,1.0,long,long,10,145.0,3.1728665207877462,-3490.9000000000383
2022-08-27 02:00:00,436.6,445.99,9.389999999999986,1,0.5995701521963708,1.0,long,long,10,88.89999999999986,2.036188731103982,-3402.000000000038
2022-08-27 03:00:00,423.8,438.77,14.96999999999997,1,0.5860879697584505,1.0,long,long,10,144.6999999999997,3.414346389806506,-3257.3000000000384
2022-08-27 04:00:00,425.0,436.08,11.079999999999984,1,0.6345922155880043,1.0,long,long,10,105.79999999999984,2.4894117647058787,-3151.5000000000387
2022-08-27 05:00:00,447.7,448.91,1.2100000000000364,1,0.5580819465213148,1.0,long,long,10,7.100000000000364,0.15858834040653036,-3144.4000000000383
2022-08-27 06:00:00,474.3,469.96,-4.340000000000032,0,0.47907734218559256,1.0,long,long,10,-48.40000000000032,-1.0204511912291865,-3192.8000000000384
2022-08-27 07:00:00,503.2,492.77,-10.430000000000009,0,0.5419345072790801,0.0,short,short,10,99.30000000000007,1.9733704292527836,-3093.500000000038
2022-08-27 08:00:00,495.7,496.24,0.5400000000000205,1,0.623107276510819,1.0,long,long,10,0.40000000000020464,0.008069396812592387,-3093.100000000038
2022-08-27 09:00:00,467.5,477.99,10.490000000000007,1,0.6627936599645483,1.0,long,long,10,99.90000000000009,2.136898395721927,-2993.200000000038
2022-08-27 10:00:00,440.4,454.89,14.490000000000007,1,0.6770682656833832,0.0,short,short,10,-149.9000000000001,-3.4037238873751154,-3143.100000000038
2022-08-27 11:00:00,422.8,446.76,23.95999999999998,1,0.6310974333520161,0.0,short,short,10,-244.5999999999998,-5.785241248817402,-3387.700000000038
2022-08-27 12:00:00,400.0,414.26,14.259999999999993,1,0.6538356443161486,0.0,short,short,10,-147.5999999999999,-3.6899999999999977,-3535.300000000038
2022-08-27 13:00:00,390.0,394.03,4.029999999999973,1,0.6405367310823433,0.0,short,short,10,-45.29999999999973,-1.1615384615384545,-3580.6000000000377
2022-08-27 14:00:00,387.6,376.9,-10.700000000000044,0,0.655211542094244,1.0,long,long,10,-112.00000000000045,-2.8895768833849447,-3692.600000000038
2022-08-27 15:00:00,407.0,391.78,-15.220000000000027,0,0.6029766715393547,1.0,long,long,10,-157.20000000000027,-3.8624078624078693,-3849.8000000000384
2022-08-27 16:00:00,443.0,433.26,-9.740000000000007,0,0.571572376193699,0.0,short,short,10,92.40000000000009,2.0857787810383766,-3757.4000000000383
2022-08-27 17:00:00,510.8,512.33,1.5300000000000296,1,0.5269242314567993,0.0,short,short,10,-20.300000000000296,-0.39741581832420314,-3777.7000000000385
2022-08-27 18:00:00,551.5,550.28,-1.2200000000000273,0,0.5125304444928005,0.0,short,short,10,7.200000000000273,0.1305530371713558,-3770.500000000038
2022-08-27 19:00:00,552.0,564.63,12.629999999999995,1,0.4932196315040214,0.0,short,short,10,-131.29999999999995,-2.3786231884057965,-3901.8000000000384
2022-08-27 20:00:00,569.7,563.88,-5.82000000000005,0,0.5176829729955958,0.0,short,short,10,53.2000000000005,0.9338248200807531,-3848.6000000000377
2022-08-27 21:00:00,547.0,542.85,-4.149999999999977,0,0.5412042583886362,0.0,short,short,10,36.49999999999977,0.6672760511882957,-3812.1000000000377
2022-08-27 22:00:00,480.2,479.55,-0.6499999999999773,0,0.5513144420061802,0.0,short,short,10,1.4999999999997726,0.031236984589749533,-3810.6000000000377
2022-08-27 23:00:00,502.6,472.13,-30.470000000000027,0,0.4480270841456377,1.0,long,long,10,-309.7000000000003,-6.161957819339441,-4120.3000000000375
2022-08-28 00:00:00,465.5,434.47,-31.029999999999973,0,0.2681967048854547,1.0,long,long,10,-315.2999999999997,-6.773361976369489,-4435.600000000037
2022-08-28 01:00:00,442.8,414.33,-28.470000000000027,0,0.3079316253523219,1.0,long,long,10,-289.7000000000003,-6.542457091237585,-4725.3000000000375
2022-08-28 02:00:00,405.0,382.33,-22.670000000000016,0,0.34247490140432735,1.0,long,long,10,-231.70000000000016,-5.720987654320991,-4957.000000000037
2022-08-28 03:00:00,406.0,381.91,-24.089999999999975,0,0.3369818917111013,1.0,long,long,10,-245.89999999999975,-6.056650246305413,-5202.900000000037
2022-08-28 04:00:00,419.2,387.92,-31.279999999999973,0,0.3110198213121908,1.0,long,long,10,-317.7999999999997,-7.581106870229001,-5520.700000000037
2022-08-28 05:00:00,418.9,384.93,-33.96999999999997,0,0.3213312981583188,1.0,long,long,10,-344.6999999999997,-8.228694199092855,-5865.400000000037
2022-08-28 06:00:00,439.0,400.3,-38.69999999999999,0,0.21010186239747464,0.0,short,short,10,381.9999999999999,8.70159453302961,-5483.400000000037
2022-08-28 07:00:00,438.5,423.98,-14.519999999999982,0,0.20701315959935804,0.0,short,short,10,140.19999999999982,3.197263397947544,-5343.200000000037
2022-08-28 08:00:00,414.25,396.9,-17.350000000000023,0,0.25325977559692436,1.0,long,long,10,-178.50000000000023,-4.3089921544960825,-5521.700000000037
2022-08-28 09:00:00,432.75,415.41,-17.339999999999975,0,0.2737152840220577,1.0,long,long,10,-178.39999999999975,-4.122472559214321,-5700.100000000037
2022-08-28 10:00:00,440.0,432.62,-7.3799999999999955,0,0.2657129269698342,1.0,long,long,10,-78.79999999999995,-1.79090909090909,-5778.900000000037
2022-08-28 11:00:00,437.55,432.14,-5.410000000000025,0,0.25816303229312154,1.0,long,long,10,-59.10000000000025,-1.3507027768255115,-5838.000000000037
2022-08-28 12:00:00,424.0,415.73,-8.269999999999982,0,0.28475198670904356,1.0,long,long,10,-87.69999999999982,-2.06839622641509,-5925.700000000037
2022-08-28 13:00:00,382.5,394.88,12.379999999999995,1,0.2911128778100983,1.0,long,long,10,118.79999999999995,3.1058823529411757,-5806.900000000037
2022-08-28 14:00:00,390.2,399.9,9.699999999999989,1,0.284282634132872,0.0,short,short,10,-101.99999999999989,-2.6140440799589926,-5908.900000000037
2022-08-28 15:00:00,409.0,400.0,-9.0,0,0.28780119162212553,0.0,short,short,10,85.0,2.078239608801956,-5823.900000000037
2022-08-28 16:00:00,451.09,432.22,-18.869999999999948,0,0.27019187896438956,0.0,short,short,10,183.69999999999948,4.072358066017856,-5640.200000000037
2022-08-28 17:00:00,541.8,521.93,-19.870000000000005,0,0.18848353305213045,1.0,long,long,10,-203.70000000000005,-3.7596899224806206,-5843.900000000037
2022-08-28 18:00:00,588.19,574.08,-14.110000000000014,0,0.16238918282286396,0.0,short,short,10,136.10000000000014,2.3138781686189858,-5707.800000000037
2022-08-28 19:00:00,628.9,593.94,-34.95999999999992,0,0.16308925972756289,1.0,long,long,10,-354.5999999999992,-5.6384162823978246,-6062.400000000036
2022-08-28 20:00:00,603.6,571.9,-31.700000000000045,0,0.1918691939260176,0.0,short,short,10,312.00000000000045,5.168986083499013,-5750.400000000036
2022-08-28 21:00:00,578.6,551.01,-27.590000000000032,0,0.20762046322700056,0.0,short,short,10,270.9000000000003,4.6819910127894975,-5479.5000000000355
2022-08-28 22:00:00,501.5,480.0,-21.5,0,0.23089926773496222,0.0,short,short,10,210.0,4.187437686939182,-5269.5000000000355
2022-08-28 23:00:00,504.0,467.74,-36.25999999999999,0,0.18304639077496934,0.0,short,short,10,357.5999999999999,7.095238095238094,-4911.900000000036
2022-08-29 00:00:00,434.0,424.39,-9.610000000000014,0,0.20317069712294045,0.0,short,short,10,91.10000000000014,2.0990783410138283,-4820.800000000036
2022-08-29 01:00:00,425.1,410.61,-14.490000000000007,0,0.23631360330961648,0.0,short,short,10,139.9000000000001,3.290990355210541,-4680.900000000036
2022-08-29 02:00:00,419.7,397.72,-21.97999999999996,0,0.2292188701930628,0.0,short,short,10,214.7999999999996,5.117941386704779,-4466.100000000037
2022-08-29 03:00:00,414.4,409.5,-4.899999999999977,0,0.21222152319285614,0.0,short,short,10,43.99999999999977,1.0617760617760563,-4422.100000000037
2022-08-29 04:00:00,425.1,436.51,11.409999999999968,1,0.2171821920780102,0.0,short,short,10,-119.09999999999968,-2.8016937191249043,-4541.200000000036
2022-08-29 05:00:00,457.3,448.23,-9.069999999999991,0,0.17755583685827048,0.0,short,short,10,85.69999999999993,1.8740432976164427,-4455.500000000036
2022-08-29 06:00:00,477.3,457.42,-19.879999999999995,0,0.15170426221162367,0.0,short,short,10,193.79999999999995,4.060339409176618,-4261.700000000036
2022-08-29 07:00:00,526.0,494.06,-31.94,0,0.15292153511527326,0.0,short,short,10,314.4,5.977186311787071,-3947.300000000036
2022-08-29 08:00:00,558.0,528.45,-29.549999999999955,0,0.16324618257737253,0.0,short,short,10,290.49999999999955,5.20609318996415,-3656.8000000000366
2022-08-29 09:00:00,526.36,509.42,-16.939999999999998,0,0.2051372782150282,0.0,short,short,10,164.39999999999998,3.1233376396382693,-3492.4000000000365
2022-08-29 10:00:00,509.1,486.95,-22.15000000000003,0,0.2000976961886115,0.0,short,short,10,216.50000000000034,4.252602632095861,-3275.900000000036
2022-08-29 11:00:00,483.78,465.0,-18.779999999999973,0,0.2047116496173206,0.0,short,short,10,182.79999999999973,3.7785770391500213,-3093.1000000000363
2022-08-29 12:00:00,490.0,461.64,-28.360000000000017,0,0.21203392518906794,0.0,short,short,10,278.60000000000014,5.685714285714289,-2814.5000000000364
2022-08-29 13:00:00,486.0,450.01,-35.99000000000001,0,0.191182284504553,1.0,long,long,10,-364.9000000000001,-7.508230452674899,-3179.4000000000365
2022-08-29 14:00:00,490.0,454.65,-35.35000000000002,0,0.18533972618093322,1.0,long,long,10,-358.5000000000002,-7.316326530612249,-3537.900000000037
2022-08-29 15:00:00,526.0,511.66,-14.339999999999977,0,0.19410802884008616,0.0,short,short,10,138.39999999999975,2.6311787072243296,-3399.5000000000373
2022-08-29 16:00:00,594.5,590.98,-3.519999999999982,0,0.19019397674180366,0.0,short,short,10,30.199999999999818,0.5079899074852787,-3369.3000000000375
2022-08-29 17:00:00,663.8,665.01,1.2100000000000364,1,0.17488902469363826,0.0,short,short,10,-17.100000000000364,-0.25760771316662195,-3386.400000000038
2022-08-29 18:00:00,710.0,705.09,-4.909999999999968,0,0.16574140561059728,0.0,short,short,10,44.09999999999968,0.6211267605633758,-3342.3000000000384
2022-08-29 19:00:00,676.0,679.34,3.340000000000032,1,0.16730691538811704,0.0,short,short,10,-38.40000000000032,-0.5680473372781112,-3380.700000000039
2022-08-29 20:00:00,647.3,648.76,1.4600000000000364,1,0.16928187763316732,0.0,short,short,10,-19.600000000000364,-0.3027962304959117,-3400.3000000000393
2022-08-29 21:00:00,600.7,600.96,0.2599999999999909,1,0.18681934303606146,0.0,short,short,10,-7.599999999999909,-0.1265190610953872,-3407.900000000039
2022-08-29 22:00:00,535.0,538.37,3.3700000000000045,1,0.18714536727983305,0.0,short,short,10,-38.700000000000045,-0.7233644859813093,-3446.6000000000395
2022-08-29 23:00:00,475.6,425.36,-50.24000000000001,0,0.19549576963053672,0.0,short,short,10,497.4000000000001,10.458368376787218,-2949.2000000000394
2022-08-30 00:00:00,450.2,399.99,-50.20999999999998,0,0.20005130199898813,0.0,short,short,10,497.0999999999998,11.041759218125273,-2452.1000000000395
2022-08-30 01:00:00,440.0,440.0,0.0,0,0.22254966980854307,0.0,short,short,10,-5.0,-0.11363636363636363,-2457.1000000000395
2022-08-30 02:00:00,429.0,440.0,11.0,1,0.2425732093882926,0.0,short,short,10,-115.0,-2.6806526806526807,-2572.1000000000395
2022-08-30 03:00:00,420.8,429.92,9.120000000000005,1,0.19974716542617332,0.0,short,short,10,-96.20000000000005,-2.286121673003803,-2668.3000000000393
2022-08-30 04:00:00,429.0,429.9,0.8999999999999773,1,0.21656129843678845,1.0,long,long,10,3.9999999999997726,0.09324009324008795,-2664.3000000000393
2022-08-30 05:00:00,443.7,380.08,-63.620000000000005,0,0.21157545746033518,0.0,short,short,10,631.2,14.22582826233942,-2033.1000000000392
2022-08-30 06:00:00,526.0,524.92,-1.080000000000041,0,0.17031484989727938,0.0,short,short,10,5.800000000000409,0.11026615969582527,-2027.3000000000388
2022-08-30 07:00:00,650.0,660.04,10.039999999999964,1,0.15316944638269936,0.0,short,short,10,-105.39999999999964,-1.621538461538456,-2132.7000000000385
2022-08-30 08:00:00,588.0,583.63,-4.3700000000000045,0,0.19596196034958002,0.0,short,short,10,38.700000000000045,0.6581632653061232,-2094.000000000038
2022-08-30 09:00:00,556.8,545.0,-11.799999999999956,0,0.23275014595619903,0.0,short,short,10,112.99999999999955,2.0294540229884976,-1981.0000000000387
2022-08-30 10:00:00,532.8,491.85,-40.94999999999993,0,0.24082151966161436,0.0,short,short,10,404.4999999999993,7.591966966966955,-1576.5000000000393
2022-08-30 11:00:00,540.0,484.0,-56.0,0,0.2470434365050657,0.0,short,short,10,555.0,10.277777777777779,-1021.5000000000393
2022-08-30 12:00:00,554.08,499.01,-55.07000000000005,0,0.2475089133515095,0.0,short,short,10,545.7000000000005,9.848758302050255,-475.80000000003884
2022-08-30 13:00:00,523.8,471.67,-52.12999999999994,0,0.25554117762238815,0.0,short,short,10,516.2999999999994,9.856815578465051,40.49999999996055
2022-08-30 14:00:00,512.52,484.0,-28.519999999999985,0,0.2785304813185646,0.0,short,short,10,280.1999999999998,5.467103722781546,320.69999999996037
2022-08-30 15:00:00,533.0,519.65,-13.350000000000025,0,0.24962956043910622,0.0,short,short,10,128.50000000000023,2.410881801125708,449.1999999999606
2022-08-30 16:00:00,631.2,622.32,-8.879999999999995,0,0.19524761769577853,0.0,short,short,10,83.79999999999995,1.3276299112801009,532.9999999999606
2022-08-30 17:00:00,685.0,669.91,-15.090000000000032,0,0.17585883386355594,1.0,long,long,10,-155.90000000000032,-2.2759124087591287,377.09999999996023
2022-08-30 18:00:00,740.0,713.84,-26.159999999999968,0,0.15406368171112156,0.0,short,short,10,256.5999999999997,3.467567567567563,633.6999999999599
2022-08-30 19:00:00,714.1,681.98,-32.120000000000005,0,0.15799480248798153,1.0,long,long,10,-326.20000000000005,-4.567987676795967,307.49999999995987
2022-08-30 20:00:00,677.0,631.73,-45.26999999999998,0,0.16104728811723865,1.0,long,long,10,-457.6999999999998,-6.760709010339732,-150.20000000003995
2022-08-30 21:00:00,596.0,553.8,-42.200000000000045,0,0.16612171542636578,1.0,long,long,10,-427.00000000000045,-7.16442953020135,-577.2000000000404
2022-08-30 22:00:00,485.0,429.21,-55.79000000000002,0,0.1977390495620999,1.0,long,long,10,-562.9000000000002,-11.606185567010314,-1140.1000000000406
2022-08-30 23:00:00,410.8,402.87,-7.930000000000007,0,0.2617129560283956,0.0,short,short,10,74.30000000000007,1.8086660175267788,-1065.8000000000407
2022-08-31 00:00:00,369.6,374.9,5.2999999999999545,1,0.5085225660644805,0.0,short,short,10,-57.999999999999545,-1.569264069264057,-1123.8000000000402
2022-08-31 01:00:00,372.0,367.19,-4.810000000000002,0,0.5099167967555339,0.0,short,short,10,43.10000000000002,1.158602150537635,-1080.7000000000403
2022-08-31 02:00:00,354.95,331.09,-23.860000000000017,0,0.5514899368610069,1.0,long,long,10,-243.60000000000014,-6.8629384420340935,-1324.3000000000404
2022-08-31 03:00:00,345.7,330.0,-15.699999999999989,0,0.538106887101429,1.0,long,long,10,-161.9999999999999,-4.686144055539482,-1486.3000000000402
2022-08-31 04:00:00,352.0,329.52,-22.480000000000015,0,0.5465917143926933,1.0,long,long,10,-229.80000000000018,-6.528409090909096,-1716.1000000000404
2022-08-31 05:00:00,361.5,334.35,-27.149999999999977,0,0.49439418646187483,0.0,short,short,10,266.4999999999998,7.37206085753803,-1449.6000000000406
2022-08-31 06:00:00,432.0,392.6,-39.39999999999998,0,0.45315396904122734,0.0,short,short,10,388.9999999999998,9.004629629629624,-1060.6000000000408
2022-08-31 07:00:00,529.0,505.01,-23.99000000000001,0,0.4536987681180927,1.0,long,long,10,-244.9000000000001,-4.6294896030245765,-1305.500000000041
2022-08-31 08:00:00,519.4,502.46,-16.939999999999998,0,0.5145050817190855,0.0,short,short,10,164.39999999999998,3.1651906045437035,-1141.1000000000408
2022-08-31 09:00:00,479.0,461.11,-17.889999999999986,0,0.49409968988689285,0.0,short,short,10,173.89999999999986,3.630480167014611,-967.200000000041
2022-08-31 10:00:00,428.9,380.0,-48.89999999999998,0,0.5434602510877375,0.0,short,short,10,483.9999999999998,11.284681743996265,-483.2000000000412
2022-08-31 11:00:00,386.45,356.0,-30.44999999999999,0,0.5526874925539607,0.0,short,short,10,299.4999999999999,7.750032345710956,-183.7000000000413
2022-08-31 12:00:00,384.0,359.98,-24.019999999999985,0,0.560133517691568,0.0,short,short,10,235.19999999999982,6.124999999999996,51.499999999958504
2022-08-31 13:00:00,378.0,330.01,-47.99000000000001,0,0.5918227060839024,0.0,short,short,10,474.9000000000001,12.563492063492065,526.3999999999586
2022-08-31 14:00:00,372.6,330.01,-42.59000000000003,0,0.5760908563265794,0.0,short,short,10,420.9000000000003,11.296296296296305,947.2999999999589
2022-08-31 15:00:00,430.0,389.4,-40.60000000000002,0,0.5378177561202637,0.0,short,short,10,401.0000000000002,9.325581395348843,1348.2999999999593
2022-08-31 16:00:00,483.7,490.78,7.079999999999984,1,0.5060357517204083,0.0,short,short,10,-75.79999999999984,-1.5670870374198849,1272.4999999999595
2022-08-31 17:00:00,540.0,541.45,1.4500000000000457,1,0.4906948845537991,0.0,short,short,10,-19.500000000000455,-0.36111111111111954,1252.999999999959
2022-08-31 18:00:00,585.0,571.18,-13.82000000000005,0,0.41568785085961396,0.0,short,short,10,133.2000000000005,2.2769230769230857,1386.1999999999596
2022-08-31 19:00:00,566.8,559.99,-6.809999999999945,0,0.39989199646679746,0.0,short,short,10,63.099999999999454,1.113267466478466,1449.299999999959
2022-08-31 20:00:00,530.9,521.1,-9.799999999999956,0,0.37164089429656444,0.0,short,short,10,92.99999999999955,1.7517423243548604,1542.2999999999586
2022-08-31 21:00:00,493.1,462.56,-30.54000000000002,0,0.3765281607717038,0.0,short,short,10,300.4000000000002,6.092070573920102,1842.699999999959
2022-08-31 22:00:00,410.0,373.69,-36.31,0,0.48219314316440715,0.0,short,short,10,358.1,8.734146341463415,2200.799999999959
2022-08-31 23:00:00,325.0,309.93,-15.069999999999991,0,0.3457542889624533,0.0,short,short,10,145.69999999999993,4.483076923076921,2346.4999999999586
2022-09-01 00:00:00,308.5,290.03,-18.470000000000027,0,0.19235272023839334,1.0,long,long,10,-189.70000000000027,-6.149108589951387,2156.7999999999583
2022-09-01 01:00:00,305.7,290.01,-15.689999999999998,0,0.2102421085699746,0.0,short,short,10,151.89999999999998,4.968923781485116,2308.6999999999584
2022-09-01 02:00:00,298.1,285.05,-13.050000000000011,0,0.22006062356336917,0.0,short,short,10,125.50000000000011,4.209996645421003,2434.1999999999584
2022-09-01 03:00:00,294.0,285.04,-8.95999999999998,0,0.24715535510817258,0.0,short,short,10,84.5999999999998,2.8775510204081565,2518.7999999999583
2022-09-01 04:00:00,300.0,290.01,-9.990000000000007,0,0.2585526857539016,0.0,short,short,10,94.90000000000009,3.163333333333336,2613.6999999999584
2022-09-01 05:00:00,320.0,300.4,-19.600000000000023,0,0.20412870309133269,0.0,short,short,10,191.00000000000023,5.968750000000007,2804.699999999959
2022-09-01 06:00:00,385.0,428.3,43.30000000000001,1,0.18578943644031293,0.0,short,short,10,-438.0000000000001,-11.37662337662338,2366.699999999959
2022-09-01 07:00:00,507.4,502.97,-4.42999999999995,0,0.17965213749289116,0.0,short,short,10,39.2999999999995,0.7745368545526113,2405.999999999958
2022-09-01 08:00:00,504.2,500.4,-3.8000000000000114,0,0.18046181402233016,0.0,short,short,10,33.000000000000114,0.6545021816739411,2438.999999999958
2022-09-01 09:00:00,443.0,454.1,11.100000000000025,1,0.21503089967673653,0.0,short,short,10,-116.00000000000023,-2.618510158013549,2322.999999999958
2022-09-01 10:00:00,384.0,386.5,2.5,1,0.2303970505416625,0.0,short,short,10,-30.0,-0.78125,2292.999999999958
2022-09-01 11:00:00,360.0,338.25,-21.75,0,0.22371885610549921,0.0,short,short,10,212.5,5.902777777777778,2505.499999999958
2022-09-01 12:00:00,360.0,365.04,5.0400000000000205,1,0.22455832914556714,0.0,short,short,10,-55.400000000000205,-1.5388888888888945,2450.099999999958
2022-09-01 13:00:00,355.0,370.29,15.29000000000002,1,0.22307564805269198,0.0,short,short,10,-157.9000000000002,-4.447887323943668,2292.199999999958
2022-09-01 14:00:00,373.2,383.47,10.27000000000004,1,0.22757422503878774,0.0,short,short,10,-107.70000000000039,-2.8858520900321647,2184.4999999999577
2022-09-01 15:00:00,416.6,427.05,10.449999999999989,1,0.2508661058272964,0.0,short,short,10,-109.49999999999989,-2.6284205472875635,2074.9999999999577
2022-09-01 16:00:00,499.7,504.34,4.639999999999986,1,0.20723324011275565,1.0,long,long,10,41.399999999999864,0.8284970982589527,2116.399999999958
2022-09-01 17:00:00,534.0,541.38,7.3799999999999955,1,0.18244830410667293,1.0,long,long,10,68.79999999999995,1.2883895131086134,2185.199999999958
2022-09-01 18:00:00,570.5,570.02,-0.4800000000000182,0,0.16116745228143572,0.0,short,short,10,-0.1999999999998181,-0.0035056967572273112,2184.999999999958
2022-09-01 19:00:00,544.8,554.26,9.460000000000036,1,0.1573858780192646,0.0,short,short,10,-99.60000000000036,-1.8281938325991256,2085.399999999958
2022-09-01 20:00:00,519.0,529.36,10.360000000000014,1,0.15410444979951018,0.0,short,short,10,-108.60000000000014,-2.0924855491329506,1976.7999999999577
2022-09-01 21:00:00,459.2,459.28,0.079999999999984,1,0.19070758463290038,0.0,short,short,10,-5.799999999999841,-0.12630662020905578,1970.9999999999577
2022-09-01 22:00:00,382.4,293.09,-89.31,0,0.2243900331901787,0.0,short,short,10,888.1,23.22437238493724,2859.0999999999576
2022-09-01 23:00:00,265.2,254.96,-10.23999999999998,0,0.22424309390168962,0.0,short,short,10,97.3999999999998,3.6726998491704297,2956.4999999999573
2022-09-02 00:00:00,240.2,227.53,-12.669999999999987,0,0.3455953291811945,0.0,short,short,10,121.69999999999987,5.066611157368854,3078.199999999957
2022-09-02 01:00:00,226.2,223.09,-3.109999999999985,0,0.42170999102647494,0.0,short,short,10,26.099999999999852,1.1538461538461473,3104.299999999957
2022-09-02 02:00:00,225.7,211.08,-14.619999999999976,0,0.42481899938737205,0.0,short,short,10,141.19999999999976,6.256092157731492,3245.499999999957
2022-09-02 03:00:00,225.7,218.97,-6.72999999999999,0,0.39911407203617283,0.0,short,short,10,62.2999999999999,2.7603012848914443,3307.7999999999565
2022-09-02 04:00:00,228.8,227.53,-1.2700000000000102,0,0.3959097401150662,0.0,short,short,10,7.700000000000102,0.336538461538466,3315.499999999957
2022-09-02 05:00:00,265.2,254.9,-10.299999999999985,0,0.37155791973725616,0.0,short,short,10,97.99999999999983,3.6953242835595717,3413.499999999957
2022-09-02 06:00:00,367.0,420.47,53.47000000000003,1,0.33744336926257634,1.0,long,long,10,529.7000000000003,14.433242506811997,3943.199999999957
2022-09-02 07:00:00,486.0,490.25,4.25,1,0.2174652688944898,0.0,short,short,10,-47.5,-0.977366255144033,3895.699999999957
2022-09-02 08:00:00,461.4,463.65,2.25,1,0.2686780764077553,0.0,short,short,10,-27.5,-0.5960121369744257,3868.199999999957
2022-09-02 09:00:00,407.8,423.08,15.279999999999973,1,0.3980505848166481,1.0,long,long,10,147.79999999999973,3.6243256498283407,4015.999999999957
2022-09-02 10:00:00,360.1,369.63,9.529999999999973,1,0.35666198892234524,1.0,long,long,10,90.29999999999973,2.507636767564558,4106.2999999999565
2022-09-02 11:00:00,320.0,336.96,16.95999999999998,1,0.3490390969838197,0.0,short,short,10,-174.5999999999998,-5.456249999999994,3931.6999999999566
2022-09-02 12:00:00,297.6,312.72,15.120000000000005,1,0.3815003603586375,1.0,long,long,10,146.20000000000005,4.912634408602152,4077.899999999957
2022-09-02 13:00:00,284.7,275.49,-9.20999999999998,0,0.3166633008306828,1.0,long,long,10,-97.0999999999998,-3.4106076571829926,3980.799999999957
2022-09-02 14:00:00,294.5,285.23,-9.269999999999982,0,0.3384310457502995,1.0,long,long,10,-97.69999999999982,-3.3174872665534743,3883.099999999957
2022-09-02 15:00:00,319.8,303.19,-16.610000000000014,0,0.3815055084263945,1.0,long,long,10,-171.10000000000014,-5.3502188868042575,3711.9999999999573
2022-09-02 16:00:00,390.6,385.07,-5.53000000000003,0,0.2947788003894128,1.0,long,long,10,-60.300000000000296,-1.5437788018433254,3651.699999999957
2022-09-02 17:00:00,425.1,419.38,-5.720000000000027,0,0.25102830859326125,1.0,long,long,10,-62.20000000000027,-1.46318513290991,3589.499999999957
2022-09-02 18:00:00,450.0,402.72,-47.27999999999997,0,0.2095375893829185,0.0,short,short,10,467.7999999999997,10.39555555555555,4057.2999999999565
2022-09-02 19:00:00,431.2,399.95,-31.25,0,0.2168981969886406,1.0,long,long,10,-317.5,-7.36317254174397,3739.7999999999565
2022-09-02 20:00:00,369.9,336.6,-33.299999999999955,0,0.22572330539632068,1.0,long,long,10,-337.99999999999955,-9.137604758042702,3401.799999999957
2022-09-02 21:00:00,300.0,237.27,-62.72999999999999,0,0.2884810861136115,1.0,long,long,10,-632.3,-21.076666666666664,2769.4999999999573
2022-09-02 22:00:00,226.2,173.0,-53.19999999999999,0,0.34075759270093287,0.0,short,short,10,526.9999999999999,23.29796640141467,3296.4999999999573
2022-09-02 23:00:00,307.75,356.11,48.360000000000014,1,0.27169314225201413,0.0,short,short,10,-488.60000000000014,-15.876523151909021,2807.899999999957
2022-09-03 00:00:00,284.0,251.0,-33.0,0,0.4648108600422048,0.0,short,short,10,325.0,11.443661971830986,3132.899999999957
2022-09-03 01:00:00,248.0,218.04,-29.960000000000008,0,0.5165349585438322,0.0,short,short,10,294.6000000000001,11.87903225806452,3427.499999999957
2022-09-03 02:00:00,214.5,195.3,-19.19999999999999,0,0.530190065717606,0.0,short,short,10,186.9999999999999,8.717948717948714,3614.499999999957
2022-09-03 03:00:00,200.0,193.53,-6.469999999999999,0,0.5357912505868996,0.0,short,short,10,59.69999999999999,2.9849999999999994,3674.1999999999566
2022-09-03 04:00:00,218.7,210.88,-7.819999999999993,0,0.531323373693549,0.0,short,short,10,73.19999999999993,3.3470507544581585,3747.3999999999564
2022-09-03 05:00:00,233.3,227.91,-5.390000000000015,0,0.49288808146624463,0.0,short,short,10,48.90000000000015,2.096013716245184,3796.2999999999565
2022-09-03 06:00:00,254.9,304.66,49.76000000000002,1,0.4276344468912288,1.0,long,long,10,492.6000000000002,19.325225578658305,4288.899999999957
2022-09-03 07:00:00,288.4,280.06,-8.339999999999975,0,0.3597934958725607,1.0,long,long,10,-88.39999999999975,-3.0651872399445126,4200.499999999957
2022-09-03 08:00:00,293.9,304.16,10.260000000000048,1,0.4968728573892274,1.0,long,long,10,97.60000000000048,3.3208574345015474,4298.099999999958
2022-09-03 09:00:00,260.0,290.04,30.04000000000002,1,0.5309225780647264,1.0,long,long,10,295.4000000000002,11.36153846153847,4593.499999999958
2022-09-03 10:00:00,252.1,231.39,-20.710000000000008,0,0.5541206911819224,1.0,long,long,10,-212.10000000000008,-8.413328044426818,4381.399999999958
2022-09-03 11:00:00,243.8,222.68,-21.120000000000005,0,0.5266592775559059,1.0,long,long,10,-216.20000000000005,-8.867924528301888,4165.199999999958
2022-09-03 12:00:00,235.4,200.0,-35.400000000000006,0,0.4882733390830333,1.0,long,long,10,-359.00000000000006,-15.25063721325404,3806.199999999958
2022-09-03 13:00:00,229.0,174.36,-54.639999999999986,0,0.5253311744657296,0.0,short,short,10,541.3999999999999,23.641921397379907,4347.599999999958
2022-09-03 14:00:00,221.5,195.84,-25.659999999999997,0,0.5933610304378096,0.0,short,short,10,251.59999999999997,11.358916478555303,4599.199999999958
2022-09-03 15:00:00,242.2,178.63,-63.56999999999999,0,0.5413209761278108,0.0,short,short,10,630.6999999999999,26.040462427745663,5229.899999999958
2022-09-03 16:00:00,270.0,229.73,-40.27000000000001,0,0.41525462020276066,0.0,short,short,10,397.7000000000001,14.729629629629633,5627.599999999958
2022-09-03 17:00:00,310.0,358.16,48.160000000000025,1,0.3474573220081141,0.0,short,short,10,-486.60000000000025,-15.696774193548395,5140.999999999957
2022-09-03 18:00:00,357.0,380.92,23.920000000000016,1,0.3025711868349684,0.0,short,short,10,-244.20000000000016,-6.840336134453786,4896.799999999957
2022-09-03 19:00:00,365.0,370.09,5.089999999999975,1,0.32812221897736543,0.0,short,short,10,-55.89999999999975,-1.5315068493150614,4840.899999999958
2022-09-03 20:00:00,351.7,335.1,-16.599999999999966,0,0.3092929529787378,0.0,short,short,10,160.99999999999966,4.577765140744943,5001.899999999958
2022-09-03 21:00:00,320.0,277.91,-42.089999999999975,0,0.3790891270900737,0.0,short,short,10,415.89999999999975,12.996874999999994,5417.799999999957
2022-09-03 22:00:00,264.7,231.58,-33.119999999999976,0,0.44497629816849704,0.0,short,short,10,326.19999999999976,12.323384964110303,5743.999999999957
2022-09-03 23:00:00,259.75,219.85,-39.900000000000006,0,0.3921275908550619,1.0,long,long,10,-404.00000000000006,-15.553416746871996,5339.999999999957
2022-09-04 00:00:00,238.3,212.89,-25.410000000000025,0,0.18356893890205703,0.0,short,short,10,249.10000000000025,10.453210239194304,5589.099999999958
2022-09-04 01:00:00,223.5,205.73,-17.77000000000001,0,0.1993625958195957,0.0,short,short,10,172.7000000000001,7.72706935123043,5761.799999999957
2022-09-04 02:00:00,195.1,201.61,6.510000000000019,1,0.20876694380377536,0.0,short,short,10,-70.1000000000002,-3.593029215786786,5691.699999999957
2022-09-04 03:00:00,185.8,208.2,22.399999999999977,1,0.22699819390144765,0.0,short,short,10,-228.99999999999977,-12.325080731969848,5462.699999999957
2022-09-04 04:00:00,174.0,197.52,23.52000000000001,1,0.24271780386944095,0.0,short,short,10,-240.2000000000001,-13.804597701149431,5222.499999999957
2022-09-04 05:00:00,170.0,198.7,28.69999999999999,1,0.2001452278237884,0.0,short,short,10,-291.9999999999999,-17.176470588235286,4930.499999999957
2022-09-04 06:00:00,212.5,179.58,-32.91999999999999,0,0.16180855363146512,1.0,long,long,10,-334.1999999999999,-15.727058823529404,4596.299999999957
2022-09-04 07:00:00,150.1,174.03,23.930000000000007,1,0.15900119254286246,0.0,short,short,10,-244.30000000000007,-16.27581612258495,4351.999999999957
2022-09-04 08:00:00,210.0,221.13,11.129999999999995,1,0.19644316940771206,1.0,long,long,10,106.29999999999995,5.06190476190476,4458.299999999957
2022-09-04 09:00:00,213.8,211.3,-2.5,0,0.21721326843354252,1.0,long,long,10,-30.0,-1.4031805425631432,4428.299999999957
2022-09-04 10:00:00,220.4,181.74,-38.66,0,0.22018109103886413,0.0,short,short,10,381.59999999999997,17.313974591651544,4809.899999999958
2022-09-04 11:00:00,214.9,185.0,-29.90000000000001,0,0.2342510797372241,0.0,short,short,10,294.00000000000006,13.680781758957657,5103.899999999958
2022-09-04 12:00:00,199.1,205.07,5.969999999999999,1,0.2556394310510379,0.0,short,short,10,-64.69999999999999,-3.2496233048719234,5039.199999999958
2022-09-04 13:00:00,194.2,227.9,33.70000000000002,1,0.2924944114506559,0.0,short,short,10,-342.00000000000017,-17.610710607621016,4697.199999999958
2022-09-04 14:00:00,198.6,233.84,35.24000000000001,1,0.2515581722515159,0.0,short,short,10,-357.4000000000001,-17.99597180261833,4339.799999999957
2022-09-04 15:00:00,199.0,223.29,24.289999999999992,1,0.28252700173590584,0.0,short,short,10,-247.89999999999992,-12.457286432160801,4091.8999999999573
2022-09-04 16:00:00,255.98,299.67,43.690000000000026,1,0.19733828952969068,0.0,short,short,10,-441.90000000000026,-17.263067427142758,3649.9999999999573
2022-09-04 17:00:00,259.4,359.92,100.52000000000004,1,0.18921195695775608,1.0,long,long,10,1000.2000000000004,38.558211256746354,4650.199999999958
2022-09-04 18:00:00,317.63,399.91,82.28000000000003,1,0.15488656131871953,1.0,long,long,10,817.8000000000003,25.746938261499235,5467.999999999958
2022-09-04 19:00:00,310.0,371.51,61.50999999999999,1,0.1709209452601289,1.0,long,long,10,610.0999999999999,19.68064516129032,6078.0999999999585
2022-09-04 20:00:00,283.0,344.33,61.329999999999984,1,0.1642265546357618,0.0,short,short,10,-618.2999999999998,-21.84805653710247,5459.799999999958
2022-09-04 21:00:00,222.5,245.09,22.590000000000003,1,0.18639438339327158,0.0,short,short,10,-230.90000000000003,-10.377528089887642,5228.899999999959
2022-09-04 22:00:00,237.5,186.91,-50.59,0,0.198116522467887,0.0,short,short,10,500.90000000000003,21.090526315789475,5729.799999999958
2022-09-04 23:00:00,278.9,247.55,-31.34999999999997,0,0.23832365818588483,0.0,short,short,10,308.49999999999966,11.061312298314796,6038.299999999958
2022-09-05 00:00:00,250.0,224.33,-25.669999999999987,0,0.17827217971777914,0.0,short,short,10,251.69999999999987,10.067999999999996,6289.999999999958
2022-09-05 01:00:00,214.0,200.07,-13.930000000000009,0,0.1800859222819861,0.0,short,short,10,134.30000000000007,6.275700934579443,6424.299999999958
2022-09-05 02:00:00,201.0,196.07,-4.930000000000007,0,0.197335024269156,1.0,long,long,10,-54.30000000000007,-2.7014925373134364,6369.999999999958
2022-09-05 03:00:00,200.0,196.02,-3.9799999999999898,0,0.19311189056290684,1.0,long,long,10,-44.7999999999999,-2.239999999999995,6325.199999999958
2022-09-05 04:00:00,211.9,200.02,-11.879999999999995,0,0.20662540382261776,1.0,long,long,10,-123.79999999999995,-5.842378480415289,6201.399999999958
2022-09-05 05:00:00,229.0,213.73,-15.27000000000001,0,0.18670928897974165,1.0,long,long,10,-157.7000000000001,-6.886462882096074,6043.699999999958
2022-09-05 06:00:00,279.9,258.54,-21.359999999999957,0,0.16292035711509956,0.0,short,short,10,208.59999999999957,7.452661664880299,6252.299999999957
2022-09-05 07:00:00,320.0,289.14,-30.860000000000017,0,0.15334803370006234,1.0,long,long,10,-313.60000000000014,-9.800000000000004,5938.699999999957
2022-09-05 08:00:00,347.0,363.73,16.730000000000018,1,0.17322885128101215,1.0,long,long,10,162.30000000000018,4.677233429394818,6100.999999999957
2022-09-05 09:00:00,308.4,291.58,-16.819999999999993,0,0.222653301251091,0.0,short,short,10,163.19999999999993,5.291828793774317,6264.199999999957
2022-09-05 10:00:00,268.5,252.63,-15.870000000000005,0,0.25138030519161003,0.0,short,short,10,153.70000000000005,5.724394785847301,6417.899999999957
2022-09-05 11:00:00,258.0,228.98,-29.02000000000001,0,0.25149649216076136,0.0,short,short,10,285.2000000000001,11.054263565891477,6703.099999999957
2022-09-05 12:00:00,258.7,236.44,-22.25999999999999,0,0.25407126346374176,1.0,long,long,10,-227.5999999999999,-8.797835330498645,6475.499999999956
2022-09-05 13:00:00,240.8,228.76,-12.04000000000002,0,0.2773120497417747,1.0,long,long,10,-125.4000000000002,-5.207641196013298,6350.099999999956
2022-09-05 14:00:00,282.7,283.66,0.9600000000000364,1,0.277033133659042,1.0,long,long,10,4.600000000000364,0.16271666077114835,6354.699999999956
2022-09-05 15:00:00,326.8,319.81,-6.990000000000009,0,0.23593142991091232,1.0,long,long,10,-74.90000000000009,-2.2919216646266856,6279.799999999956
2022-09-05 16:00:00,375.1,390.47,15.370000000000005,1,0.20918842390323017,1.0,long,long,10,148.70000000000005,3.964276193015197,6428.499999999955
2022-09-05 17:00:00,407.4,420.76,13.360000000000014,1,0.18068419856266807,1.0,long,long,10,128.60000000000014,3.1566028473245002,6557.099999999956
2022-09-05 18:00:00,430.4,440.92,10.52000000000004,1,0.15619601280394088,1.0,long,long,10,100.20000000000039,2.3280669144981503,6657.2999999999565
2022-09-05 19:00:00,400.6,413.24,12.639999999999986,1,0.1673743217658003,1.0,long,long,10,121.39999999999986,3.0304543185222133,6778.699999999956
2022-09-05 20:00:00,363.5,363.51,0.0099999999999909,1,0.16905428366834932,1.0,long,long,10,-4.900000000000091,-0.13480055020632986,6773.799999999956
2022-09-05 21:00:00,305.0,293.95,-11.050000000000011,0,0.2072726784597641,1.0,long,long,10,-115.50000000000011,-3.786885245901643,6658.299999999956
2022-09-05 22:00:00,225.0,222.53,-2.469999999999999,0,0.22561523419020976,0.0,short,short,10,19.69999999999999,0.8755555555555551,6677.999999999955
2022-09-05 23:00:00,302.2,259.04,-43.15999999999997,0,0.21339176753404304,0.0,short,short,10,426.5999999999997,14.11647915287888,7104.599999999955
2022-09-06 00:00:00,273.3,240.07,-33.23000000000002,0,0.28661616305206394,0.0,short,short,10,327.3000000000002,11.975850713501654,7431.899999999955
2022-09-06 01:00:00,255.0,240.02,-14.97999999999999,0,0.30249153436932513,0.0,short,short,10,144.7999999999999,5.678431372549015,7576.699999999955
2022-09-06 02:00:00,254.8,240.0,-14.800000000000011,0,0.32162944273058114,0.0,short,short,10,143.0000000000001,5.612244897959188,7719.699999999955
2022-09-06 03:00:00,255.65,242.02,-13.629999999999995,0,0.34801179556179934,0.0,short,short,10,131.29999999999995,5.135928026598864,7850.999999999955
2022-09-06 04:00:00,289.7,262.52,-27.180000000000007,0,0.39472954890758055,0.0,short,short,10,266.80000000000007,9.209527096996895,8117.799999999956
2022-09-06 05:00:00,294.3,274.99,-19.31,0,0.34636973448054165,0.0,short,short,10,188.10000000000002,6.391437308868503,8305.899999999956
2022-09-06 06:00:00,372.0,424.46,52.45999999999998,1,0.30039506162886326,0.0,short,short,10,-529.5999999999998,-14.23655913978494,7776.2999999999565
2022-09-06 07:00:00,431.0,443.15,12.149999999999975,1,0.22218620084134277,0.0,short,short,10,-126.49999999999977,-2.9350348027842177,7649.7999999999565
2022-09-06 08:00:00,442.3,445.71,3.409999999999968,1,0.2636936129546473,1.0,long,long,10,29.09999999999968,0.6579244856432214,7678.899999999956
2022-09-06 09:00:00,380.3,378.7,-1.6000000000000227,0,0.35657510374365065,0.0,short,short,10,11.000000000000227,0.28924533263213853,7689.899999999956
2022-09-06 10:00:00,313.2,292.43,-20.769999999999985,0,0.37375025527961614,0.0,short,short,10,202.69999999999982,6.471902937420173,7892.599999999956
2022-09-06 11:00:00,299.4,280.53,-18.870000000000005,0,0.41690338148235334,0.0,short,short,10,183.70000000000005,6.135604542418171,8076.299999999956
2022-09-06 12:00:00,290.0,282.32,-7.680000000000007,0,0.396967199674204,0.0,short,short,10,71.80000000000007,2.4758620689655197,8148.099999999956
2022-09-06 13:00:00,276.3,259.03,-17.27000000000004,0,0.4105585990232669,0.0,short,short,10,167.7000000000004,6.0694896851248785,8315.799999999956
2022-09-06 14:00:00,283.15,284.01,0.8600000000000136,1,0.42230261955295456,1.0,long,long,10,3.6000000000001364,0.12714109129437176,8319.399999999956
2022-09-06 15:00:00,337.6,320.39,-17.210000000000036,0,0.3530964827625265,0.0,short,short,10,167.10000000000036,4.949644549763044,8486.499999999956
2022-09-06 16:00:00,449.0,437.07,-11.930000000000009,0,0.25282040475875994,1.0,long,long,10,-124.30000000000007,-2.768374164810692,8362.199999999957
2022-09-06 17:00:00,484.8,457.4,-27.40000000000003,0,0.2653124103001468,1.0,long,long,10,-279.00000000000034,-5.754950495049512,8083.199999999957
2022-09-06 18:00:00,493.0,433.43,-59.56999999999999,0,0.20779728126948588,1.0,long,long,10,-600.6999999999999,-12.184584178498984,7482.499999999957
2022-09-06 19:00:00,466.8,405.0,-61.80000000000001,0,0.2494782172865727,1.0,long,long,10,-623.0000000000001,-13.346186803770355,6859.499999999957
2022-09-06 20:00:00,425.0,356.04,-68.95999999999998,0,0.30131366860051645,1.0,long,long,10,-694.5999999999998,-16.343529411764703,6164.899999999958
2022-09-06 21:00:00,356.2,304.71,-51.49000000000001,0,0.3368009621712422,0.0,short,short,10,509.9000000000001,14.314991577765303,6674.799999999957
2022-09-06 22:00:00,252.0,220.07,-31.930000000000007,0,0.3900197841892188,0.0,short,short,10,314.30000000000007,12.472222222222225,6989.099999999958
2022-09-06 23:00:00,205.0,199.99,-5.009999999999991,0,0.3115179072170954,0.0,short,short,10,45.09999999999991,2.1999999999999957,7034.199999999957
2022-09-07 00:00:00,182.2,187.92,5.719999999999999,1,0.31179862227390454,0.0,short,short,10,-62.19999999999999,-3.413830954994511,6971.999999999957
2022-09-07 01:00:00,178.12,180.04,1.9199999999999875,1,0.2935786530602116,0.0,short,short,10,-24.199999999999875,-1.3586346283404374,6947.799999999957
2022-09-07 02:00:00,170.5,179.06,8.560000000000002,1,0.36305553630819193,0.0,short,short,10,-90.60000000000002,-5.3137829912023475,6857.199999999957
2022-09-07 03:00:00,170.0,179.02,9.02000000000001,1,0.40604604984034354,0.0,short,short,10,-95.2000000000001,-5.600000000000007,6761.999999999957
2022-09-07 04:00:00,181.2,180.01,-1.1899999999999975,0,0.42099013573922744,0.0,short,short,10,6.899999999999977,0.3807947019867537,6768.899999999957
2022-09-07 05:00:00,200.0,188.58,-11.419999999999987,0,0.35371540090172143,0.0,short,short,10,109.19999999999987,5.459999999999994,6878.099999999957
2022-09-07 06:00:00,232.98,225.37,-7.609999999999985,0,0.28786060048237055,1.0,long,long,10,-81.09999999999985,-3.480985492316931,6796.999999999957
2022-09-07 07:00:00,348.5,320.43,-28.069999999999993,0,0.3022288704488072,1.0,long,long,10,-285.69999999999993,-8.19799139167862,6511.299999999957
2022-09-07 08:00:00,343.45,357.57,14.120000000000005,1,0.332356705401466,1.0,long,long,10,136.20000000000005,3.9656427427573164,6647.499999999957
2022-09-07 09:00:00,298.0,317.01,19.00999999999999,1,0.35922470523092226,0.0,short,short,10,-195.0999999999999,-6.546979865771809,6452.399999999958
2022-09-07 10:00:00,225.0,231.08,6.0800000000000125,1,0.3950804960952115,0.0,short,short,10,-65.80000000000013,-2.92444444444445,6386.599999999958
2022-09-07 11:00:00,210.0,230.91,20.909999999999997,1,0.40067101240438074,0.0,short,short,10,-214.09999999999997,-10.195238095238093,6172.499999999957
2022-09-07 12:00:00,208.5,221.23,12.72999999999999,1,0.3885221193967713,0.0,short,short,10,-132.2999999999999,-6.345323741007189,6040.199999999957
2022-09-07 13:00:00,208.4,232.57,24.169999999999987,1,0.4182773698506465,0.0,short,short,10,-246.69999999999987,-11.837811900191934,5793.499999999957
2022-09-07 14:00:00,230.0,259.99,29.99000000000001,1,0.4113865072549145,1.0,long,long,10,294.9000000000001,12.821739130434786,6088.399999999958
2022-09-07 15:00:00,286.4,318.29,31.890000000000043,1,0.36205419450931176,0.0,short,short,10,-323.90000000000043,-11.309357541899457,5764.499999999957
2022-09-07 16:00:00,329.0,407.93,78.93,1,0.2975304432935963,0.0,short,short,10,-794.3000000000001,-24.142857142857142,4970.199999999957
2022-09-07 17:00:00,393.3,453.99,60.69,1,0.31389209101277493,0.0,short,short,10,-611.9,-15.5580981439105,4358.299999999957
2022-09-07 18:00:00,425.0,489.14,64.13999999999999,1,0.2713640524417389,0.0,short,short,10,-646.3999999999999,-15.209411764705878,3711.899999999958
2022-09-07 19:00:00,406.0,470.3,64.30000000000001,1,0.30310496720496904,0.0,short,short,10,-648.0000000000001,-15.960591133004929,3063.899999999958
2022-09-07 20:00:00,355.4,439.91,84.51000000000005,1,0.33188081866215036,0.0,short,short,10,-850.1000000000005,-23.919527293190782,2213.7999999999574
2022-09-07 21:00:00,290.0,354.52,64.51999999999998,1,0.3554821817365944,0.0,short,short,10,-650.1999999999998,-22.42068965517241,1563.5999999999576
2022-09-07 22:00:00,194.6,221.35,26.75,1,0.35857454159485763,0.0,short,short,10,-272.5,-14.003083247687565,1291.0999999999576
2022-09-07 23:00:00,160.0,197.35,37.349999999999994,1,0.30800623313531106,0.0,short,short,10,-378.49999999999994,-23.656249999999996,912.5999999999576
2022-09-08 00:00:00,143.0,136.33,-6.6699999999999875,0,0.6563880835020841,1.0,long,long,10,-71.69999999999987,-5.013986013986005,840.8999999999578
2022-09-08 01:00:00,135.0,129.98,-5.02000000000001,0,0.6369863138725158,1.0,long,long,10,-55.2000000000001,-4.088888888888897,785.6999999999578
2022-09-08 02:00:00,126.6,129.92,3.319999999999993,1,0.6390409313147603,1.0,long,long,10,28.199999999999932,2.2274881516587626,813.8999999999577
2022-09-08 03:00:00,126.6,129.91,3.3100000000000023,1,0.6461620655385675,1.0,long,long,10,28.100000000000023,2.219589257503951,841.9999999999577
2022-09-08 04:00:00,132.9,129.93,-2.969999999999999,0,0.6224016805567141,0.0,short,short,10,24.69999999999999,1.8585402558314514,866.6999999999578
2022-09-08 05:00:00,145.0,130.0,-15.0,0,0.6247234404598208,0.0,short,short,10,145.0,10.0,1011.6999999999578
2022-09-08 06:00:00,202.9,200.6,-2.3000000000000114,0,0.6052823195397735,0.0,short,short,10,18.000000000000114,0.8871365204534309,1029.699999999958
2022-09-08 07:00:00,311.1,321.51,10.409999999999968,1,0.6121809908002817,0.0,short,short,10,-109.09999999999968,-3.5069109611057434,920.5999999999583
2022-09-08 08:00:00,356.0,371.9,15.899999999999975,1,0.612099214527692,1.0,long,long,10,153.99999999999977,4.325842696629207,1074.599999999958
2022-09-08 09:00:00,338.5,361.1,22.600000000000023,1,0.6529529728000101,1.0,long,long,10,221.00000000000023,6.528803545051705,1295.5999999999583
2022-09-08 10:00:00,290.0,341.7,51.69999999999999,1,0.6710140628373977,1.0,long,long,10,511.9999999999999,17.6551724137931,1807.599999999958
2022-09-08 11:00:00,280.0,327.03,47.02999999999997,1,0.6742409980000201,1.0,long,long,10,465.2999999999997,16.617857142857133,2272.899999999958
2022-09-08 12:00:00,278.8,312.63,33.829999999999984,1,0.6817735892312942,1.0,long,long,10,333.29999999999984,11.954806312769005,2606.1999999999575
2022-09-08 13:00:00,262.0,288.17,26.170000000000016,1,0.7169183807258851,1.0,long,long,10,256.70000000000016,9.797709923664128,2862.899999999958
2022-09-08 14:00:00,263.5,277.81,14.310000000000002,1,0.7006778308762088,1.0,long,long,10,138.10000000000002,5.240986717267553,3000.9999999999577
2022-09-08 15:00:00,297.0,284.31,-12.689999999999998,0,0.6850271946455916,1.0,long,long,10,-131.89999999999998,-4.44107744107744,2869.0999999999576
2022-09-08 16:00:00,353.3,328.49,-24.81,0,0.5544579986361278,1.0,long,long,10,-253.10000000000002,-7.163883385225022,2615.9999999999577
2022-09-08 17:00:00,402.0,393.26,-8.740000000000009,0,0.5217211670970762,1.0,long,long,10,-92.40000000000009,-2.2985074626865694,2523.5999999999576
2022-09-08 18:00:00,415.0,409.95,-5.050000000000011,0,0.4008102382450502,1.0,long,long,10,-55.500000000000114,-1.337349397590364,2468.0999999999576
2022-09-08 19:00:00,411.9,410.01,-1.8899999999999864,0,0.4588067339716009,1.0,long,long,10,-23.899999999999864,-0.5802379218256826,2444.199999999958
2022-09-08 20:00:00,370.0,368.1,-1.8999999999999773,0,0.5030992958205569,1.0,long,long,10,-23.999999999999773,-0.6486486486486425,2420.199999999958
2022-09-08 21:00:00,307.0,284.54,-22.45999999999998,0,0.5752676071529668,1.0,long,long,10,-229.5999999999998,-7.478827361563511,2190.599999999958
2022-09-08 22:00:00,200.0,150.05,-49.94999999999999,0,0.6554102267279569,1.0,long,long,10,-504.4999999999999,-25.224999999999994,1686.099999999958
2022-09-08 23:00:00,234.4,235.77,1.3700000000000043,1,0.4661498433714362,1.0,long,long,10,8.700000000000045,0.3711604095563159,1694.7999999999581
2022-09-09 00:00:00,215.0,227.56,12.560000000000002,1,0.5832083567640927,0.0,short,short,10,-130.60000000000002,-6.0744186046511635,1564.199999999958
2022-09-09 01:00:00,206.6,215.08,8.480000000000018,1,0.6012002072875801,0.0,short,short,10,-89.80000000000018,-4.346563407550832,1474.3999999999578
2022-09-09 02:00:00,184.1,204.83,20.730000000000015,1,0.6298083539351133,1.0,long,long,10,202.30000000000018,10.988593155893547,1676.699999999958
2022-09-09 03:00:00,178.8,206.92,28.119999999999976,1,0.6692912656130822,1.0,long,long,10,276.19999999999976,15.447427293064862,1952.8999999999578
2022-09-09 04:00:00,200.0,215.07,15.069999999999991,1,0.6607765264186012,0.0,short,short,10,-155.69999999999993,-7.784999999999997,1797.199999999958
2022-09-09 05:00:00,218.0,230.75,12.75,1,0.6370728211819383,0.0,short,short,10,-132.5,-6.077981651376147,1664.699999999958
2022-09-09 06:00:00,319.75,320.0,0.25,1,0.5994825789039547,0.0,short,short,10,-7.5,-0.23455824863174354,1657.199999999958
2022-09-09 07:00:00,358.0,359.21,1.2099999999999795,1,0.5494829540693762,1.0,long,long,10,7.099999999999795,0.198324022346363,1664.299999999958
2022-09-09 08:00:00,347.1,349.5,2.3999999999999773,1,0.6104046854637408,1.0,long,long,10,18.999999999999773,0.5473926822241364,1683.2999999999577
2022-09-09 09:00:00,314.9,317.0,2.1000000000000227,1,0.6511243519356731,1.0,long,long,10,16.000000000000227,0.5080978088282067,1699.299999999958
2022-09-09 10:00:00,284.8,288.05,3.25,1,0.7062134177773313,1.0,long,long,10,27.5,0.9655898876404494,1726.799999999958
2022-09-09 11:00:00,280.0,260.94,-19.06,0,0.7058908390605065,1.0,long,long,10,-195.60000000000002,-6.985714285714287,1531.199999999958
2022-09-09 12:00:00,257.8,240.38,-17.420000000000016,0,0.7111468627745614,1.0,long,long,10,-179.20000000000016,-6.951124903025607,1351.9999999999577
2022-09-09 13:00:00,250.7,237.22,-13.47999999999999,0,0.726499053809169,1.0,long,long,10,-139.7999999999999,-5.576386118867168,1212.1999999999578
2022-09-09 14:00:00,265.8,234.74,-31.06,0,0.684352630480182,1.0,long,long,10,-315.6,-11.873589164785555,896.5999999999577
2022-09-09 15:00:00,275.6,260.35,-15.25,0,0.6793504693591976,0.0,short,short,10,147.5,5.351959361393324,1044.0999999999576
2022-09-09 16:00:00,337.5,320.7,-16.80000000000001,0,0.5229157370652121,0.0,short,short,10,163.0000000000001,4.829629629629633,1207.0999999999576
2022-09-09 17:00:00,371.1,348.38,-22.720000000000027,0,0.5413271294089526,0.0,short,short,10,222.20000000000027,5.987604419293999,1429.299999999958
2022-09-09 18:00:00,390.0,374.53,-15.470000000000027,0,0.45703539249098285,0.0,short,short,10,149.70000000000027,3.8384615384615453,1578.9999999999582
2022-09-09 19:00:00,390.6,385.72,-4.8799999999999955,0,0.5364183058494685,0.0,short,short,10,43.799999999999955,1.1213517665130557,1622.7999999999581
2022-09-09 20:00:00,358.5,366.87,8.370000000000005,1,0.5835724782456798,0.0,short,short,10,-88.70000000000005,-2.4741980474198058,1534.099999999958
2022-09-09 21:00:00,330.0,323.43,-6.569999999999993,0,0.63261558847049,0.0,short,short,10,60.69999999999993,1.8393939393939371,1594.799999999958
2022-09-09 22:00:00,220.9,267.89,46.98999999999998,1,0.7063519302846524,0.0,short,short,10,-474.8999999999998,-21.4984155726573,1119.899999999958
2022-09-09 23:00:00,301.3,305.68,4.3799999999999955,1,0.6404517029904613,1.0,long,long,10,38.799999999999955,1.2877530700298692,1158.699999999958
2022-09-10 00:00:00,279.0,269.93,-9.069999999999991,0,0.4929932055905157,1.0,long,long,10,-95.69999999999993,-3.430107526881718,1062.9999999999582
2022-09-10 01:00:00,265.8,247.69,-18.110000000000017,0,0.488163293331309,1.0,long,long,10,-186.10000000000014,-7.001504890895416,876.899999999958
2022-09-10 02:00:00,245.4,237.27,-8.129999999999995,0,0.5226515012229398,1.0,long,long,10,-86.29999999999995,-3.5167074164629164,790.5999999999581
2022-09-10 03:00:00,245.1,236.95,-8.150000000000006,0,0.5301487392021917,1.0,long,long,10,-86.50000000000006,-3.5291717666258693,704.0999999999581
2022-09-10 04:00:00,256.0,246.98,-9.02000000000001,0,0.4774923561224093,1.0,long,long,10,-95.2000000000001,-3.7187500000000044,608.899999999958
2022-09-10 05:00:00,272.6,268.97,-3.629999999999995,0,0.4385038361480061,1.0,long,long,10,-41.299999999999955,-1.5150403521643416,567.5999999999581
2022-09-10 06:00:00,295.25,311.32,16.069999999999993,1,0.5104134615496364,1.0,long,long,10,155.69999999999993,5.27349703640982,723.299999999958
2022-09-10 07:00:00,316.65,323.67,7.020000000000039,1,0.507691775079571,1.0,long,long,10,65.20000000000039,2.05905573977579,788.4999999999584
2022-09-10 08:00:00,307.9,325.04,17.140000000000043,1,0.5218485309850482,1.0,long,long,10,166.40000000000043,5.404352062357923,954.8999999999588
2022-09-10 09:00:00,296.9,325.05,28.15000000000003,1,0.6173434722120142,1.0,long,long,10,276.50000000000034,9.312899966318637,1231.3999999999592
2022-09-10 10:00:00,283.7,314.08,30.379999999999995,1,0.6346784144921577,1.0,long,long,10,298.79999999999995,10.53225237927388,1530.1999999999591
2022-09-10 11:00:00,275.4,296.84,21.44,1,0.6458568345445436,0.0,short,short,10,-219.39999999999998,-7.966594045025416,1310.7999999999593
2022-09-10 12:00:00,266.8,278.21,11.409999999999968,1,0.6673056316014137,0.0,short,short,10,-119.09999999999968,-4.464017991004486,1191.6999999999596
2022-09-10 13:00:00,245.0,258.54,13.54000000000002,1,0.6314922987870908,0.0,short,short,10,-140.4000000000002,-5.7306122448979675,1051.2999999999593
2022-09-10 14:00:00,253.5,269.62,16.120000000000005,1,0.6897289840373046,0.0,short,short,10,-166.20000000000005,-6.556213017751481,885.0999999999592
2022-09-10 15:00:00,272.35,302.0,29.649999999999977,1,0.6714079643535001,0.0,short,short,10,-301.4999999999998,-11.07031393427574,583.5999999999594
2022-09-10 16:00:00,327.3,345.03,17.72999999999996,1,0.6000996008351427,0.0,short,short,10,-182.2999999999996,-5.569813626642212,401.2999999999598
2022-09-10 17:00:00,379.1,387.6,8.5,1,0.5836844860442084,0.0,short,short,10,-90.0,-2.374043787918755,311.2999999999598
2022-09-10 18:00:00,407.2,412.97,5.770000000000039,1,0.5301697408889618,0.0,short,short,10,-62.70000000000039,-1.539783889980363,248.59999999995944
2022-09-10 19:00:00,415.4,432.18,16.78000000000003,1,0.4908943067007446,0.0,short,short,10,-172.8000000000003,-4.1598459316321685,75.79999999995914
2022-09-10 20:00:00,385.0,406.45,21.44999999999999,1,0.5615050965776325,1.0,long,long,10,209.4999999999999,5.441558441558438,285.299999999959
2022-09-10 21:00:00,368.4,387.19,18.79000000000002,1,0.5720464929317125,0.0,short,short,10,-192.9000000000002,-5.236156351791537,92.39999999995882
2022-09-10 22:00:00,324.2,341.35,17.150000000000034,1,0.5748090070609628,1.0,long,long,10,166.50000000000034,5.13571869216534,258.89999999995916
2022-09-10 23:00:00,342.1,368.77,26.66999999999996,1,0.6093926178542692,1.0,long,long,10,261.6999999999996,7.649809997076867,520.5999999999588
2022-09-11 00:00:00,306.7,319.03,12.329999999999984,1,0.6918188498318751,0.0,short,short,10,-128.29999999999984,-4.183240952070422,392.2999999999589
2022-09-11 01:00:00,297.8,302.57,4.769999999999982,1,0.6865031357585862,0.0,short,short,10,-52.69999999999982,-1.7696440564136944,339.5999999999591
2022-09-11 02:00:00,299.3,297.17,-2.1299999999999955,0,0.7104995475514488,0.0,short,short,10,16.299999999999955,0.5446040761777465,355.89999999995905
2022-09-11 03:00:00,284.6,293.34,8.739999999999952,1,0.7094114581973128,0.0,short,short,10,-92.39999999999952,-3.2466619817287254,263.4999999999595
2022-09-11 04:00:00,281.1,286.01,4.909999999999968,1,0.7397464679766,0.0,short,short,10,-54.09999999999968,-1.924581999288498,209.39999999995985
2022-09-11 05:00:00,291.0,304.91,13.910000000000023,1,0.6809210430502194,0.0,short,short,10,-144.10000000000025,-4.95189003436427,65.2999999999596
2022-09-11 06:00:00,297.8,309.79,11.990000000000007,1,0.6884059822701267,1.0,long,long,10,114.90000000000009,3.8582941571524545,180.1999999999597
2022-09-11 07:00:00,310.7,324.01,13.310000000000002,1,0.6579253535766807,1.0,long,long,10,128.10000000000002,4.122948181525588,308.2999999999597
2022-09-11 08:00:00,311.7,332.25,20.55000000000001,1,0.7139074442436769,1.0,long,long,10,200.5000000000001,6.432467115816494,508.7999999999598
2022-09-11 09:00:00,296.6,315.11,18.50999999999999,1,0.744946204156004,1.0,long,long,10,180.0999999999999,6.072151045178689,688.8999999999597
2022-09-11 10:00:00,280.5,296.99,16.49000000000001,1,0.7231630426139565,1.0,long,long,10,159.9000000000001,5.700534759358292,848.7999999999598
2022-09-11 11:00:00,267.5,294.0,26.5,1,0.7485735056488829,1.0,long,long,10,260.0,9.719626168224298,1108.7999999999597
2022-09-11 12:00:00,242.9,249.41,6.509999999999991,1,0.7306211468514034,1.0,long,long,10,60.09999999999991,2.4742692466035368,1168.8999999999596
2022-09-11 13:00:00,240.0,240.2,0.1999999999999886,1,0.7376663838253104,1.0,long,long,10,-3.0000000000001137,-0.12500000000000475,1165.8999999999596
2022-09-11 14:00:00,240.0,240.7,0.6999999999999886,1,0.7458494682262553,1.0,long,long,10,1.9999999999998863,0.0833333333333286,1167.8999999999596
2022-09-11 15:00:00,256.3,267.66,11.360000000000014,1,0.7554902302888294,1.0,long,long,10,108.60000000000014,4.237222005462354,1276.4999999999598
2022-09-11 16:00:00,333.5,342.29,8.79000000000002,1,0.7134092758317759,1.0,long,long,10,82.9000000000002,2.485757121439286,1359.39999999996
2022-09-11 17:00:00,394.0,404.51,10.509999999999993,1,0.6727466083454077,1.0,long,long,10,100.09999999999991,2.5406091370558355,1459.49999999996
2022-09-11 18:00:00,418.0,439.94,21.94,1,0.6461876689691007,1.0,long,long,10,214.39999999999998,5.129186602870813,1673.89999999996
2022-09-11 19:00:00,422.45,435.0,12.550000000000011,1,0.631779792610525,1.0,long,long,10,120.50000000000011,2.85240856906143,1794.39999999996
2022-09-11 20:00:00,386.5,418.8,32.30000000000001,1,0.6582417216203958,1.0,long,long,10,318.0000000000001,8.227684346701167,2112.39999999996
2022-09-11 21:00:00,325.0,381.41,56.410000000000025,1,0.6790043311600863,1.0,long,long,10,559.1000000000003,17.203076923076928,2671.4999999999604
2022-09-11 22:00:00,274.8,309.99,35.19,1,0.6811890196095662,1.0,long,long,10,346.9,12.62372634643377,3018.3999999999605
2022-09-11 23:00:00,289.6,305.04,15.439999999999998,1,0.5597954219264392,1.0,long,long,10,149.39999999999998,5.1588397790055245,3167.7999999999606
2022-09-12 00:00:00,263.7,259.76,-3.9399999999999977,0,0.1965087697681851,1.0,long,long,10,-44.39999999999998,-1.6837315130830481,3123.3999999999605
2022-09-12 01:00:00,255.6,244.74,-10.859999999999983,0,0.29678693405751333,1.0,long,long,10,-113.59999999999985,-4.444444444444438,3009.7999999999606
2022-09-12 02:00:00,250.6,239.88,-10.72,0,0.31378429210040226,0.0,short,short,10,102.19999999999999,4.078212290502792,3111.9999999999604
2022-09-12 03:00:00,244.4,239.88,-4.52000000000001,0,0.3381221439342746,1.0,long,long,10,-50.2000000000001,-2.0540098199672707,3061.79999999996
2022-09-12 04:00:00,259.0,253.32,-5.680000000000007,0,0.30843256576235056,1.0,long,long,10,-61.80000000000007,-2.386100386100389,2999.99999999996
2022-09-12 05:00:00,279.0,294.97,15.970000000000027,1,0.29846703482110754,1.0,long,long,10,154.70000000000027,5.544802867383522,3154.6999999999603
2022-09-12 06:00:00,340.6,350.6,10.0,1,0.24170852580659294,1.0,long,long,10,95.0,2.7891955372871404,3249.6999999999603
2022-09-12 07:00:00,397.6,394.93,-2.670000000000016,0,0.3473824103458203,1.0,long,long,10,-31.70000000000016,-0.7972837022132837,3217.99999999996
2022-09-12 08:00:00,400.0,397.97,-2.0299999999999727,0,0.3293723666575512,1.0,long,long,10,-25.299999999999727,-0.6324999999999932,3192.6999999999603
2022-09-12 09:00:00,366.0,364.18,-1.8199999999999932,0,0.3285661717713875,1.0,long,long,10,-23.199999999999932,-0.6338797814207632,3169.4999999999604
2022-09-12 10:00:00,325.0,338.68,13.680000000000009,1,0.32556506463702484,1.0,long,long,10,131.80000000000007,4.055384615384618,3301.2999999999606
2022-09-12 11:00:00,318.1,316.79,-1.3100000000000025,0,0.2920433192057367,1.0,long,long,10,-18.100000000000023,-0.5690034580320661,3283.1999999999607
2022-09-12 12:00:00,293.5,302.8,9.300000000000011,1,0.3468680277717861,1.0,long,long,10,88.00000000000011,2.998296422487227,3371.1999999999607
2022-09-12 13:00:00,296.0,295.06,-0.9399999999999976,0,0.39568428949804624,1.0,long,long,10,-14.399999999999977,-0.48648648648648574,3356.7999999999606
2022-09-12 14:00:00,300.5,294.39,-6.110000000000014,0,0.40021521976312785,1.0,long,long,10,-66.10000000000014,-2.1996672212978416,3290.6999999999607
2022-09-12 15:00:00,323.2,333.64,10.439999999999998,1,0.3285548614627031,1.0,long,long,10,99.39999999999998,3.07549504950495,3390.099999999961
2022-09-12 16:00:00,402.4,376.47,-25.92999999999995,0,0.25368408778041207,1.0,long,long,10,-264.2999999999995,-6.568091451292234,3125.799999999961
2022-09-12 17:00:00,438.4,410.94,-27.45999999999998,0,0.25508117461877533,1.0,long,long,10,-279.5999999999998,-6.377737226277367,2846.199999999961
2022-09-12 18:00:00,466.8,442.81,-23.99000000000001,0,0.22869116016681829,1.0,long,long,10,-244.9000000000001,-5.24635818337618,2601.299999999961
2022-09-12 19:00:00,465.6,437.6,-28.0,0,0.2251036331217462,1.0,long,long,10,-285.0,-6.121134020618556,2316.299999999961
2022-09-12 20:00:00,418.0,391.45,-26.55000000000001,0,0.25254517945797794,1.0,long,long,10,-270.5000000000001,-6.471291866028711,2045.799999999961
2022-09-12 21:00:00,358.7,342.29,-16.409999999999968,0,0.27298013453909176,1.0,long,long,10,-169.09999999999968,-4.714245887928622,1876.6999999999614
2022-09-12 22:00:00,300.8,275.73,-25.069999999999993,0,0.2702778525002375,1.0,long,long,10,-255.69999999999993,-8.500664893617019,1620.9999999999613
2022-09-12 23:00:00,265.9,257.24,-8.659999999999968,0,0.22694647952237681,1.0,long,long,10,-91.59999999999968,-3.4449040992854334,1529.3999999999617
